,제목,청원시작일,청원종료일,참여인원,URL,카테고리,청원내용,청원인
0,**** 코리아의 COVID-19 관련 대응으로 직원들이 고통받습니다.,2020-07-07,2020-08-06,1328,https://www1.president.go.kr/petitions/590467,일자리,"올해 초 COVID-19 국내 확진자 발생을 시작으로 2월부터 본격적으로 코로나 바이러스가 국내에 전파되었으며 안타깝게도 COVID-19는 현재진행형입니다.청원에 앞서 COVID-19 발병으로 인해 밤낮없이 땀을 흘리며 고생하고 계신 수많은 의료진과 정부관계자 분들에게 감사드립니다. 저는 **** 코리아의 일원입니다. 이 글을 쓰기까지 많은 고민이 있었지만 회사에 대한 믿음으로 기다려왔습니다. 하지만 회사의 대응에 크게 실망했고 국민청원에 호소하게 되었습니다.COVID-19가 국내에 전파되면서 창고형 매장이며 한번에 대량구매하는 고객이 위주인 저희 회사는 전반적으로 많이 바빠졌고 그에 따른 매출 증가가 있었습니다. 현재도 상당히 바쁜 상황입니다. 회사는 이러한 상황에 대한 보상으로 마스크를 쓰며 밤낮없이 고생하는 직원들에게 한시적으로 시급을 인상해주고 있습니다만, 코로나가 종식되는 그날까지 인상된 시급으로 지급해주길 바랍니다. 이는 단순히 시급인상만을 원하는 직원들의 생각이 아닌, 이어 말씀드릴 회사의 부당한 COVID-19 대응에 대한 보상과 처우개선을 요청하는 목소리입니다. 직원들의 호소에도 회사는 개선의 여지를 보이지 않아 간절한 마음으로 청원합니다.회사에서는 사회적 거리두기를 적극 실천하자는 의미에서 크게 아래 두 가지를 제재했습니다만 직원들은 코로나19를 빌미로 한 부당한 조치라고 생각하고있습니다.첫 번째 - 직원식당 폐지이전부터 미국 본사에서는 한국에 직원식당 운영에 대해서 이해할 수 없다는 의견을 전해왔다고 합니다.미국 ****에서는 따로 식사를 제공해 주지 않는다고 하지만 여지껏 한국 지사는 직원 식당을 운영하면서도 좋은 성과를 내왔습니다. 직원들의 복지, 사기와 직결되는 일이기 때문이겠지요.하지만 COVID-19 유행에 따른 사회적 거리두기를 빌미삼아 직원식당을 폐지 시킨 상황입니다.그에 따른 방안으로 회사는, 식대를 몇일간 지급했으나 금액이 부담스러운지 바로 몇 종류의 도시락과 컵라면으로 몇 달간 유지하다가, 지금은 식대 5천원을 지급 하고 있습니다. 이전에 운영하던 직원식당(단체급식) 기준 1인 식대에 25%를 올린 5천원을 지급하는 방식입니다. 하지만 이 청원글을 보고계신 여러분들께 호소합니다. 단체급식은 기업에서 식수를 제공하고 그에 맞게 식비가 저렴하게 산정되므로 단체급식 1인 식대를 기준으로 소폭 상승한 식대를 제공한다는 것은 납득이 가지않는 상황입니다. 현재 식대 5천원 지급과 음식을 유상 구매할 수 있는 푸드박스를 설치했는데, 이전 직원식당 제공시 보다 가격대비 만족도가 낮으며, 부득이 다른 방안이 없는 새벽근무자 이외에는 잘 이용하지 않습니다. 대다수가 도시락을 싸오거나 돈을 더 들여서 밖에서 사먹어야 합니다. 회사 주변에 식당도 없는 지점들도 있으며 다들 잘 아시겠지만 요즘 물가로는 5천원으로 한끼 해결기가 쉽지않은 것이 사실입니다. 그리고 현재 직원식당을 운영하는 회사가 운영하지 않는 곳보다 더 많으며, COVID-19에 가장 민감한 병원에서도 직원식당을 운영하고 있습니다. 앞서 말씀드린 내용들로부터, 사회적 거리두기를 빌미로 직원식당 운영을 중단한 것은 부당한 조치라고 국민청원을 빌어 호소드립니다.직원들은 1) 직원 식당의 운영재개 혹은 2) 식대 지급 기준을 단체급식비를 기준으로 하는 것이 아닌 주변 상권의 한 끼 식대가 어느 정도 수준에서 형성되어 있는지 정확한 조사 및 그에 따른 식대 지급을 간곡히 요청드립니다.두 번째 - 양치 및 가글 금지회사는 COVID-19 유행에 따른 사회적 거리두기의 일환으로 매장 내에서 양치 및 가글을 금지하였습니다. 수많은 의료진들은 손씻기 뿐만 아니라 구강을 청결하게 하는 것이 바이러스 예방에 매우 중요한 행동이라고 안내합니다. ****의 본사인 미국에서는, 학교나 회사의 공동으로 쓰는 공간(화장실)에서 양치질을 하는 것을 좋지 않게 보는 부분들이 있다고 하는데 이런 시각에 따른 본사의 지침인 것인지, 바이러스 전파를 예방하고자 하는 한국 지사의 자체적인 해결책인지... 어느 이유든지 직원들은 쉽사리 이해하지 못하는 부분입니다. **** 직원들은 대부분 몸을 많이 쓰는 일이라 가뜩이나 마스크를 쓰고 일하게 되면 더 많은 땀이 나고 답답한게 현실인데, 양치질이나 가글까지 못하게 되니.. 부득이 업무를 위한 의사소통을 할 때마다 입안의 세균이 마스크에 튀게 될테고 직원들은 그대로 노출될 것입니다. 위생 및 바이러스 전파를 막기 위한 사회적 거리두기 지침이 개인 위생의 악순환을 불러오는 부당한 조치라고 생각됩니다. 위 두 가지 큰 이슈로 인해, 직원들은 힘든 근무환경 속에서 곪아가고 있습니다. 회사에 정중히 해당 사항에 대한 개선을 요청해도 묵인하고 넘어가는 현실입니다. 더이상 어디 말할 수 있는 곳도 없고 간절한 마음에 이 곳에 글을 씁니다.회사는 이제 곧 다가올 휴가철을 대비해야합니다. 대형마트의 특성상 남들이 쉴 때 가장 바쁩니다. **** 직원은 정해진 휴가도 없습니다. 물론 그에 따른 보상도 없습니다. 명절에도 자사 상품권을 받습니다만 금액은 차마 말하기도 부끄러운 수준입니다. 말호봉이 되면 받는 급여보조금은 입사 이래 단 한 차례도 오른 적 없습니다. 하지만 이런 열악한 평사원들에 대한 처우에도 불구하고 관리자들은 두 번의 임금 인상이 있었습니다. COVID-19로 인한 일시적인 시급 소폭 상승은 열악한 처우가 개선될 방법이 아닙니다.회사는 이익을 추구하는 집단이지만 사원을 존중야하는 사명 또한 있다고 생각합니다. 경쟁력 있는 보수를 지급하고 다양한 복지혜택을 제공하여 도전적이고 즐거운 근무 환경이 되도록 간곡히 부탁드리겠습니다. 그리고 한번 더 회사를 믿고 기다리겠습니다. 긴 호소의 글 읽어주셔서 감사합니다. [본 게시물의 일부 내용이 국민 청원 요건에 위배되어 관리자에 의해 수정되었습니다]",naver
1,피탄원인의 불공정한 행위로 인하여 발생한 탄원인 측의 피해를 구제하여 주십시오.,2020-06-23,2020-07-23,152,https://www1.president.go.kr/petitions/589975,일자리,"●탄 원 인 인적사항  성    명 : 김**             주    소 : 대전시 동구 ****로** ***층  연 락 처 : (042-***-****) H 010-****-****●피탄원인 인적사항  성    명 :(주)****** ***  주    소 : 서울 서초구**동 ****층(**동 ,**빙딩)(*****)  연 락 처 : (02-****-****) H  010-****-**** 탄  원  취  지1. 피탄원인의 불공정한 행위로 인하여 발생한 탄원인 측의 피해를 구제하여 주십시오.2. 피탄원인의 불공정한 행위에 대하여 철두철미하게 조사 후 엄중하게 처벌하여주십시오. 3. 언론인 출신인 피탄원인이 각종 매체를 통하여 자신과 업체를 거짓으로 홍보하는 행위를 막아주십시오.4. 국민의 안전과도 직결되는 먹거리로 소위 장난질을 할 수 없는 사회가 되도록 도와주십시오.5. 사명감을 지니고 일하는 업체들이 갑질의 피해자가 되지 않도록 일벌백계의 표본이 되도록 도와주십시오.탄  원  내  용   존경하옵는 위원장님.  탄원인은 대(代)를 이어서 대중의 건강증진에 대한 사명감을 무기로 온갖 역경을 이겨내며, 연구와 보급에 매진하여 온 업체입니다.  이런 탄원인을 향해서 각종 악질적인 갑질 행위를 저지른 피탄원인에게 그 잘못에 상응하는 무거운 처벌이 내려지기를 갈망합니다. 1. 업체에 대한 설명1) 탄원인의 업체  탄원인의 업체(주식회사 ***)는 곡물로 대체육(肉)을 개발하여 생산하는 회사입니다.  그리고 이 대체육(채식 고기)은 탄원인의 어머니이신 홍** 여사께서 스스로 채식을 통하여 암을 치유하신 후에 그 사명감으로 연구를 거듭한 결과 현재의 제품을 만들어내기에 이른 것입니다.  따라서 탄원인 측에서 생산하는 채소 고기의 가치는 주관‧객관적으로 높다고 할 수 있으며, 피탄원인으로부터 겪은 피해의 정도는 말로 표현할 수 없을 정도입니다. 이에 저희 업체가 피탄원인을 만나기 전에 겪어 온 일련의 상황을 먼저 말씀드림으로써 이해에 도움을 드리고자 합니다.‧ 1978년 : 홍** 여사(1代)께서 암 선고를 받으심. 이후 채식을 통하여 완쾌 후 채식 고기에 대한 사명감을 지니고 연구에 매진하심.‧ 1987년 : 제주도에 첫 채식뷔페 식당을 여심.‧ 2000년 : 탄원인(2代)도 채식 고기 연구에 동참함. 이후 미국, 캐나다, 중국(연길, 심양, 북경) 등에서 식물요리 강좌 및 연길에 공장을 세움. ‧ 2003년부터 2016년 : 당좌수표의 조기 청구 등으로 인하여 회사가 문을 닫게 되었으며, 이후 다시 재기하는 과정에서 이 과정에서 재기한 회사와 채식 고기에 대한 특허권을 노린 각종 사기행각을 겪음.‧ 2011년 : 채식 고기에 대한 특허권 취득.‧ 2017년 : 탄원인(2代)이 허위사실을 적시하여 고소한 사기꾼(투자금과 특허기술을 노림)에 의해 사기와 횡령혐의로 구속되었으나 무죄 및 1억 원에 가까운 보상금을 받고 석방됨. 이후 이 자금으로 회사를 재기하려던 과정에서 박** 사장(*** 식품)의 소개로 피탄원인을 만남. 2) 피탄원인의 업체  피탄원인의 업체(******)는 지구의 환경을 걱정하며, 국내에 산적한 잉여 농산물의 해소를 위해서 일한다는 주장을 하고 있습니다. 그러나 탄원인의 어머니가 수십 년 동안 공을 들여서 개발한 채식 고기를 자신들이 개발한 것처럼 공공연하게 언급하고 있으며, 2011년에 탄원인의 어머니는 해당 제품에 대한 특허권을 이미 취득하셨습니다. 채식 고기의 원재료(견과류, 글루텐)을 수입에 의존함에도 농림축산식품부에서 ‘A-벤처스 “A-벤처스”는 농식품 벤처와 농식품산업의 미래를 이끌어갈 어벤저스를 의미합니다.’를 취득했습니다. 이런 피탄원인의 허구성과 해악성에 대해서 말씀을 드리고자 합니다.2. 사건의 발단  작년(2019년) 초에 다른 업체 대표의 소개로 피탄원인을 만나게 되었습니다. 그 당시에는 탄원인이 생산한 식물성 고기를 판매하는 회사로 소개되었는데, 정작 피탄원인은 자신을 소개해 준 사람을 배제하고 몰래 탄원인에게 식물성 고기의 특허권을 팔라고 접근하여, 온갖 미사여구를 동원하여 설득하였기에 특허매매대금 30억 원에 매매 계약이 체결되었습니다.   그러나 피탄원인은 자금 사정이 어렵다면서 매매대금을 10년으로 분할 해서 지급하겠다고 하였으며, 그 조건으로 그 기간(10년) 동안 탄원인에게 특허 제품의 원재료 생산을 독점적으로 맡기겠다고 하였습니다. 이에 탄원인은 그 약속을 전제로 하여, 첫 회분으로 받은 3억 원을 투자하여 대전광역시에 “***”라는 식물성 고기 원료 생산공장을 차리게 된 것입니다. 피탄원인은 탄원인에게서 매입한 특허(계약금만 지급한 상태)를 본인이 연구한 것으로 홍보하여 타업체로부터 45억 원이라는 거액을 투자받았습니다.   그런데 피탄원인은 매달 주문하기로 한 물량의 주문을 차일피일 미루고, 피탄원인이 특이 소스를 개발할 때까지 제품의 생산을 정지해달라며 부탁하는 등의 행위로 수입(收入) 없이 직원들의 월급과 공장 임대료 등을 지출하도록 만들었습니다.  더욱이 피탄원인 측에서는 소스가 개발된(2019년 12월 2일) 후에도 ‘미생산분이 급하지 않으니 생산 일정에 맞추어 천천히 해달라’고 수차례 이야기를 하였기에 이를 믿고 전력을 다해서 생산에 매진하였는데, 2020년 2월부터는 미생산분으로 인해서 추가 주문을 할 수 없다는 통보와 2월 말일에 지급해야 하는 결제대금을 지급하지 않았습니다. 또한, 탄원인에게 지급해야 하는 3~5월분인 2억4천6백4십만 원을 지급하지 않고, 내용증명 등에도 묵묵부답으로 있다가 2020년 5월 12일 생산 지연 등의 억지로 가득찬 거짓 주장을 하며, 탄원인과 맺은 10년 독점 생산계약을 파기한다고 일방적으로 통보했습니다. ‧ 2019년 6월 이전 : 공장 운영을 위한 최소 물량인 8t 주문의 약속을 지키지 않음.‧ 2019년 6, 7월 : 계약물량 중에 절반만 주문.‧ 2019년 9월 : 주문 자체가 없었음. ‧ 2019년 10월 : 주문은 하였으나 피탄원인이 소스를 개발할 때까지 탄원인이 생산활동을 하지근 못하도록 함. 이 과정에서 탄원인은 지출 경비만 소모하며 대기.‧ 2019년 12월~2020년 2월 : 피탄원인이 소스가 개발되었다며 납품하도록 함. (피탄원인은 미생산분보다 새로운 생산분에 더 중점을 두며 수차례 이야기함.)‧ 2020년 2월 : 피탄원인은 미생산분 때문에 신규 제품 주문을 할 수 없다고 주장하였으며, 2월 말일에 지급해야 하는 제품비용을 지급하지 않음. ‧ 2020년 2월~5월 : 피탄원인은 3,4,5월분에 해당하는 2억4천6백4십만 원을 지급하지 않고 있으며, 수차례 요청 후 내용증명까지 보냈으나 묵묵부답이었음.‧ 2020년 5월 12일 : 온갖 거짓 핑계를 늘어놓으며 독점 OEM 계약을 일방적으로 파기하겠다는 이메일을 보내옴.3. 불공정한 행위에 대한 확인1) 탄원인의 특허권을 이용한 부당한 투자 유치  피탄원인은 탄원인의 채식 고기 특허권을 매입하고자 적극적으로 접근하여 온갖 미사여구를 써가며 노력하였고, 결국 탄원인은 30억 원에 특허권을 넘기기로 하였습니다.  그러나 피탄원인은 자금 사정이 어렵다는 이유를 들어서 3억 원씩 10년에 걸쳐 상환하겠다고 부탁하면서, 그 조건으로 탄원인의 업체에서 10년간 해당 제품의 원재료를 독점적으로 생산하게 한다는 조건을 제시했고, 이에 허락했던 것입니다.  그럼에도 피탄원인은 조건의 이행 없이 계약금에 해당하는 금액만을 지불 한 후 탄원인의 특허권을 취득한 후 자신이 연구한 것처럼 제3자의 회사를 속여서 45억 원이라는 거액의 투자자금을 유치하였습니다. 2) 거래상 지위의 남용  특허권이 넘어간 상태에서 탄원인은 乙의 위치로 전락하였습니다.(1) 당초에 원재료의 생산을 전제로 공장을 열었으나, 당초에 피탄원인이 약속한 물량 주문은 지켜지지 않았습니다.① 2019년 6, 7월에는 계약물량의 반(半)만 주문했습니다.② 동년 8, 9월은 주문이 아예 없었습니다.③ 동년 10, 11월은 주문이 이루어졌으나 피탄원인이 소스 개발을 한다면서 일방적으로 탄원인이 생산 활동을 못 하게 하였습니다.(2) 위에 (1)에서와 같이 피탄원인은 탄원인 측에 계약한 사항을 처음부터 일방적으로 어겼으며, 이로 인하여 그 기간에 탄원인은 막대한 직원들의 임금과 공장 임대료를 의미 없이 지불해야 하는 상황에 놓여졌습니다. 3) 정당한 이유 없는 거래의 거절  2)에서 말씀드린 것과 같이 당연하게 이행되어야 할 약속이었음에도 피탄원인은 갑(甲)에 해당하는 우월한 지위에서 탄원인에게 일방적으로 그 약속의 이행 정도를 정하면서 막대한 손해를 안겼습니다.  그럼에도 탄원인은 피탄원인의 일관성 없는 약속 이행으로 인해서 어려운 상황이었음에도 피탄원인의 지시에 따라서 적극적으로 노력하여 물량을 맞춰냈습니다.  그러나 피탄원인은 2020년 2월 말부터 결제금을 지급하지 않았고, 추가 발주도 없다가 2020년 5월에 ‘생산 지연’이라는 이유를 들어서 ‘추가로 발주할 수 없다’라는 내용과 ‘10년 약정의 독점 OEM 계약’을 파기하겠다는 내용의 통보를 해왔습니다. 4. 피탄원인의 해악성  피탄원인은 ‘지구의 환경’, ‘국내 잉여 농산물의 해소’라는 공익지향적인 대토를 표방하며 업역을 확장하고 있습니다.  그러나 그 이면에는 탄원인의 어머니가 사명감을 지니고 30여 년 동안 연구하여 온 특허권을 자신이 연구한 것처럼 속이는 모습이 있고, 그 대가조차도 제대로 지불하지 않고 온전히 소유하고자 하는 악랄한 모습도 있습니다.  더욱이 채식 고기에 들어가는 주요 원료인 견과류와 글루텐이 수입에 의존함에도 농림축산식품부에서 ‘A-벤처스’를 지정받는다거나 탄원인의 특허를 자신이 개발한 것처럼 제3자를 속여서 45억 원의 투자금을 유치 받고, 대중매체를 통해서 거짓 사실을 반복적으로 인터뷰하고 있으므로, 공익에도 매우 유해한 상황입니다.  따라서 탄원인은 피탄원인이 사회에 매우 유해하다고 생각하며, Covid-19로 경기가 어려운 상황에서 탄원인에 대한 악랄한 행위는 탄원인과 탄원인 회사의 임직원을 모두 죽이자는 것으로 볼 수밖에 없다고 생각합니다.5. 철두철미한 조사의 요청  ‘식의(食醫)’라는 말이 있습니다. 먹거리는 사람을 고칠 수도 있고, 사람을 해칠 수도 있습니다. 탄원인은 어머니이신 홍** 여사의 이런 사명감과 열정을 존경하며 살아왔고, 장성하여 그 마음으로 어머니의 연구를 도와드렸습니다. 어머니는 암에 걸리신 후 채식을 통하여 스스로 치유하신 것도 대단하시지만, 거기에서 멈추지 않고 사람들이 건강하게 살아갈 수 있도록 당신의 평생을 바치신 어머니의 진정성을 존경하지 않을 수 없었습니다.  그러나 피탄원인의 농간으로 인해서 강건하시던 어머니는 치매 증상이 생기는 등 건강을 상실하셨습니다. 이런 상황 속에서도 어머니는 당신의 정신이 더 흐트러지시기 전에 피탄원인(*** 대표)에게 ‘초심을 잃지 말고, 처음 약속을 지키라’는 내용의 동영상을 촬영하게 하셨고, 피탄원인에게 이메일로 보내셨습니다.   존경하옵는 위원장님.  대를 이어서 온 가족이 30년 넘도록 평생을 바쳐온 숙원사업이 얄팍한 장사꾼의 농간으로 모두 빼앗기게 되었습니다. 부디, 탄원인 가족이 대를 이어서 평생 만들어온 식물성 고기를 계속 만들 수 있도록 도와주십시오.  먹는 것으로 거짓을 일삼는 피탄원인 ‘****** *** 대표’의 악독한 행위를 일벌백계의 표본으로 삼아 주시고, 탄원인과 회사를 구해주시어 사명감과 진실성을 갖추고 정직하게 땀을 흘려가며 노력해 온 사람들이 보호된다는 것을 알려주십시오.  긴 글 읽어주셔서 감사드립니다. 2020년 06월 16일탄원인 : 김 * *              귀중 [본 게시물의 일부 내용이 국민 청원 요건에 위배되어 관리자에 의해 수정되었습니다]",kakao
2,해외유학생 재외국민 재난지원금 대상에 포함시켜 주세요 (저희도 대한민국 국민입니다. 똑같이 고생중입니다),2020-05-25,2020-06-24,180,https://www1.president.go.kr/petitions/589160,보건복지,"안녕하세요! 미국에서 공부중인 학생입니다. 재외국민은 재난지원금 대상에서 제외 된다는 사실을 알았습니다.저희도 엄연한 대한민국 국민입니다.영주권자 또는 시민권자와 달리 저희는 미국 정부의 그 어떠한 혜택도 받지 못하는 신분입니다.당연히 실업수당도 받지 못하고 있습니다. 단지, 저희가 해외에 있다는 이유만으로 재난지원금을 받지 못한다면저희는 어느 나라의 국민입니까? 누가 저희를 지켜주나요? 미정부의 지원도 못받고 대한민국정부의 지원도 못받으면 저희같은 낙동강 오리알 신세는 누구에게 믿고 의지해야하나요?저희도 국내에 계신분들과 똑같이 미국에서 어려움을 겪고 있습니다.사재기, 마스크 구하기 어려움, 중국에서 비롯된 이번 재난 사태로 총기와 동양인에 대한 차별,무엇보다, 현재 학교도 중단 상태로 비싼 방 값과 생활비만 축내고 있습니다.또한, 비싼 의료비용으로 인해 병원도 쉽게 갈 수 없는 상황이고 유학생 보험으로 버티고는 있지만그마저도 엄청난 확진자 수로 인해 병원 마저도 이용하는 것이 힘든 상황입니다.유학생 신분이라 일을 할 수 없습니다. 미국 이민법 상 불법이기 때문입니다.그렇다고 한국을 다시 돌아 가는것도 힘든 상황입니다. 비자 신분문제, 계약한 방값, 학업 문제 등등 너무 복잡합니다.이도저도 쉽게 선택 할 수 없는 상황입니다.여기 있는 한국 유학생들의 목표는 하루라도 빨리 자신의 학업을 이수하고 귀국하고자 하는 것이 목표 입니다.그것이 비싼 방값과 생활비를 줄일 수 있는 유일한 방법이기 때문이지요COVID 19으로 인해,저희도 고통 받고 있는 대한민국 국민입니다.저희를 잊지 말아 주세요저희도 국방의 의무, 납세의 의무 다 마치고 미국에서 꿈을 이루기 위해 노력중입니다.너무 허무함을 느낌니다.",kakao
3,특별활동강사나 방과후 강사들은 외부인이다?!!! 아니다!!!!,2020-05-20,2020-06-19,687,https://www1.president.go.kr/petitions/589063,일자리,"저는 어린이집과 유치원에서 영어수업을 하는 특별활동 강사입니다.2월부터 지금까지 어떤일을 하지 못한채 COVID-19상태가 잠잠해지길 기다려왔습니다.이 일의 특성상 원과 1년 계약을 하면 일년을 아이들을 책임져야 하는 책임감이 있기 때문에 언제 개학할지 모르는 상황속에서  다른 일을 할 수도 없었습니다.다니던 교회도 온라인 예배로, 사람이 많은 마트나 장소를 피하고 황금연휴때 집에서 숨죽여가며 혹시 모를 접촉을 피하며 기다리고 있었습니다.오늘 코로나 방역수칙안내라며 구청에서 특별활동 강사 외부인 출입금지라며 6월에도 수업이 어려울거 같다고 연락이 왔습니다. 정말 절망적입니다.나라에서 전국민 고용보험이며 고용사각지대에 있는 사람들에게 고용보험을 보장해준다고 떠들기전에외부인라 규정되는 저희들에게도 수업방역규칙을 만들어 잘 적용해 일을 할 수 있게 해주는게 필요합니다.곧 아이들을 만날거같아서 나름 교사들이 모여 회의하며 방역을 위한 수업방법을 다시 모색중이였습니다.한반을 두반을 나눠 양팔 간격으로 앉아 소수로 수업을 하며 아이들에게 함께 쓰는 교구를 주지않고 수거하지 않을교구를 어떻게 준비해서 나눠줄것이며 신체활동을 하지않고 다양한 방법으로 아이들과 즐겁게 수업을 하는 방법 또한 고민중이였습니다.반과 반사이에서 손소독및 교구 소독과 마스크착용은 당연하 일이고 원과 원사이에 교구소독을 어떻게 하면 좋을까를 이야기중이였습니다.외부인으로 규정되고 이렇게 일자리조차 보장되지 않는 이 현실이 너무 안타깝습니다.저희도 원관계자들처럼 원에 들어갈 때 열체크 다하고 마스크착용하고 수업을 하게 됩니다.원에서 일하는 담임선생님들도 관계자들 대부분은 대중교통을 이용하고 퇴근후 삶속에서 지켜야 할 방역수칙이 있지 않나요?제가 아는 대부분의 특별활동 선생님들은 사람이 많은 곳을 피하고 생활방역수칙을 정말 열심히 준수하며 다시 아 이들을 만나길 학수고대하고 있습니다.제발 특별활동수업시 지켜야 할 방역수칙을 정하고 저희들에게도 일할 권리를 주세요!",naver
4,COVID19 바이러스 대항한 의료진 및 방역 당국에 훈장 및 포장 수여 상신,2020-05-20,2020-06-19,298,https://www1.president.go.kr/petitions/589058,보건복지,"COVID19 바이러스 대항한 의료진 및 방역 당국에 훈장 및 포장 수여 상신눈에도 보이지 않는 COVID19 바이러스에 국가적인 위기를 극복하고, 묵묵히 최전선에서 국민의 생명과 건강을 위하여 자원봉사로 끝까지 대항하며 물리친 의료진 및 방역 당국에 무한으로 감사드립니다. 또 한 선진국 최고수준의 의식으로 전 세계의 모범 및 표준이 된 위기 상황을 극복한 대한민국의 모든 국민들의 승리라고 감히 말하고 싶습니다.그리고 전 세계에 바이러스 방역에 최고의 수준이며 표준이 되어 국격이 한층 상승 되었습니다.전쟁터에서 총알이 날려 오면서도 적군을 물리치고 고지를 탈환한 영웅 군인에게만 수여하는 무공훈장이 아니라고 생각됩니다.보이지도 않는 바이러스에 대항한 전쟁터도 전쟁입니다.가족과 직장을 뿌리치고 헌신한 모든 의료진들이 최전방에서 목숨을 걸고 사투를 벌이면서 나보다도 전 국민들의 건강과 안전을 위하여 헌신한 분들입니다. 그들의 공로를 “금전”과 “덕분에 첼린지”라는 응원 켐페인으로 바꿀 수 없다고 생각됩니다.바이러스와 전쟁으로 목숨을 잃은 의료인과 현재에 바이러스에 감염되어 생과 사를 가르는 의료인들을 절대 잊어서는 안 될 것입니다.또 한 제2의 바이러스가 올 수도 있고, 오는 가을에도 예상할 수 없는 사태도 발생할 수도 있습니다. 그때는 누가 최전방에서 싸울 수 있을까요?총리께서 말씀이 의료진들에게 “영웅”이라고 하셨습니다.저는 대한민국 국민의 건강과 안전을 헌신한 의료진들이 진정한 “영웅”입니다.의료인들의 진정한 보상은 “명예”입니다. 보상이 꼭 이루어지길 바라며 후대에 아름다운 역사가 있기를 바랍니다. COVID19 바이러스 대항한 의료진 및 방역 당국에 훈장 및 포장 수여를 상신 합니다.",kakao
5,한국 브루나이간 관광 산업 정상화 추진에 대한 청원,2020-05-15,2020-06-14,280,https://www1.president.go.kr/petitions/588918,외교/통일/국방,"최근 발생한 코로나-19(COVID-19)의 확산으로 인해 전 세계가 힘든 시기를 겪고 있습니다. 대한민국 역시 산업 전반에 걸쳐 어려움을 겪고 있으며 여러 산업 분야 중 특히 관광 및 항공 분야는 가장 먼저 타격을 입었고 현재까지 큰 어려움에 빠져있습니다. 더 큰 문제는 관광 산업의 특성상 대한민국 내에서 코로나 사태가 진정된다고 하더라도 특단의 조치가 없다면 정상화까지는 요원할 것이라는 점입니다. 국내의 크고 작은 여행사들이 문을 닫았고 항공사는 사업을 축소하고 있습니다.  빠른 시일 내에 관광산업이 활기를 되찾기를 바라며 이를 위해서는 여행업계에 직접적인 지원과 더불어 국가 간의 교류가 필수적이라 생각합니다.이에 현재 가장 안정적인 국가 중 하나로 판단되는 대한민국과 브루나이가 그 첫 단추가 되기에 적합하다고 판단하여 청원 드립니다. 대한민국과 브루나이는 문재인 대통령의 브루나이 방문과 브루나이 국왕의 방한 이후 양국 간의 관광과 문화 교류 등의 다양한 활동으로 교류가 활발해지고 있던 시점이었으나, 갑작스러운 코로나-19 상황 때문에 그 교류가 잠시 멈추어 있는 상태입니다. 하지만 이제 두 나라 모두 정상화되었다고 확신해도 될 정도로 상황이 좋아졌습니다. 대한민국은 초기에 두 번째로 많은 확진자를 보유했던 국가였지만 전 세계가 롤모델로 삼을 만큼 빠르고 현명하게 대처하여 2020년 5월 06일 기준 38위까지 내려간 상황입니다. (Google(국가별 코로나 확진자), 2020). 브루나이 또한 바이러스 확산 초기에 해외 유입자로 인해 최초 확진자가 발생했으나 그 직후 모든 식당 내 식사 중지와 공공장소를 폐쇄시키는 등 상황을 훌륭하게 대처하여 현 5월 10일 기준 누적 141명의 확진자 중 134명이 완치, 현재 6명의 확진자만 남아있는 상태입니다(Borneo Bulletin, 2020).  앞서 말씀드린 것과 같이, 관광산업이 정상적인 모습을 되찾기 위해서는 국가 간의 교류가 꼭 필요합니다.  대한민국과 브루나이로 입국하는 관광객들이 선택적으로 검사를 받을 수 있게 하고 자가진단 앱과 함께 최소 기간만 격리하는 등 현재보다 관광객 입국 절차 완화하는 등의 방법이 교류 활성화를 위한 조치가 될 수 있을 것으로 생각합니다.한국과 브루나이의 교류 재개가 전 세계 관광 산업의 모범 케이스가 되어 미래 관광 대한민국의 시발점이 되었으면 좋겠습니다. 감사합니다.",twitter
6,전국 등교 개학 및 공개 채용 일정 연기 청원,2020-05-13,2020-06-12,3079,https://www1.president.go.kr/petitions/588866,보건복지,"<코로나 사태로 대한민국 전국민의 안전을 위해  전국 등교 개학 및 공개 채용 일정 연기를 청원 합니다>- 내용 요약 1. 싱가포르의 경우 '방역 모범국'에서 인구 570만명 대비 2만3천명에 달하는 매우 심각한 상황이 된명백한 이유가 '등교 개학'으로 인한 유치원생 집단감염이 시작이었습니다, 때문에 이번 학기 '등교 개학'을 반대 합니다. 2. 한 학기 온라인 개학을 추진하면, 이후에 코로나 뿐 아니라 다른 바이러스가 퍼지더라도 '명확한 온라인 강의 가이드라인'이 확립되어 이점이 됩니다. 3. 등교 개학을 하더라도, 유치원생과 초등학생등 아이들이 방역 지침을 제대로 지키는 것은 매우 힘든 일이며,아이들끼리 서로 떨어져 학교생활을 하라는 것은 상처뿐인 추억이 될 수 있고 장점이 없습니다. 4. 이태원 집단 감염 사태로, 고시생들이 이용하는 노량진 헬스장 뿐 아니라, 대다수의 젊은 사람들이 감염 의심자가된 이 상황에서, 가까운 시험인 5월 16일 '5급 공개채용(외교관/지역/행정)'과 '지역 인재 7급' 시험등을 연기하여, 위험을 사전에 방지하고, 여름철의 높은 기온을 코로나 확산이 안정화 된 이후인 가을초 9월 쯤모든 일정을 재개 하는 것을 강력이 청원합니다.5. 코로나 비말 방지를 위한 투과율 94%미만 마스크를 쓴 상태에서, 실내인 교실에서 여름 기온까지산소가 매우 부족한 상황에서 시험 응시를 9시간 가량(5급 공채의 경우) 할 경우, 저산소증에 걸리게 됩니다.산소 농도 12% 이하로 장시간 있을 시 매우 위험하며, 7%미만은 사망에 이르는데, 시험에 집중할 경우뇌는 이보다 더 많은 산소를 필요로 하게 되므로, 이런 환경에서 시험 보라는 것은 그냥 수험생에게죽으라는 것과 같습니다. (5월 16일 당일 체감 온도는 섭씨 30도로 예상되며, 만약 온도를 낮추기 위해에어컨을 가동할 경우, 오히려 산소가 더 부족해 짐)-청원 이유 현재 코로나 바이러스는 한국의 대표 동맹국인 미국과 가까운 나라인 일본,그리고 활발하게 교류하고 있는 유럽 열강 뿐 아니라, 전세계적으로 매우 심각한 사태로,날이 갈수록 더욱이 심해지고 있습니다. 국내 코로나가 일명 'K방역(정부와 의료진, 국민의 협력)' 으로 잠시 누르러들었으나, '방역 모범국' 이었던 '싱가포르'의 경우, '초중고 등교개학'을 하자마자 유치원 집단 감염을시작으로 현재는 전체 인구 570만(우리나라의 1/10) 중 23000명 이상 감염될 정도로 매우 심각한 상태입니다. http://news.khan.co.kr/kh_news/khan_art_view.html?art_id=202004191513001(싱가포르 코로나 관련 기사)세계 전문가들이 가장 큰 원인으로 방역 모범국이라는 타이틀 하에  방심하여 '등교 개학' 및 공개채용일정등의 사회 활동 재개한 것을 꼽고 있습니다. 현재 국내에서 힘든 나날을 보내며, 겨후 방역의 성과가 나왔고, 이 상태를 유지하여,대한민국의 코로나 이후 경제 타격을 최소화하기 위해선, 명확한 앞선 사례를 통해 원인을 보수적으로 차단해야 된다고 생각합니다.이에, 전국 초중고 등교 개학(5/13일) 및 5급 공개채용(외교관/일반/지역)과 지역인재 7급(5/16)일 시험과순경 공채(5/30)일 등의 가까운 시험 외 8월까지의 모든 시험을, ""더운 여름의 기온으로 코로나가 충분히안정화 되면, 9월에 재개 하는 것을 청원"" 합니다. -각 항목별 세부 사항 1. 전국 학교 등교 개학 사실 지금 이 시기에 등교 개학을 하는 것은 큰 의미를 지니지 않고, 혼란을 초래할 뿐이라고 생각합니다. 초중고는 물론, 모든 대학/대학원에서 한 학기 온라인 수업을 추진하여, 그에 맞춰 예산을 쓰고준비를 해왔고, 시행중인데 조금 안정화 됬다고, 갑자기 다시 개학을 강행하는 것은 잘못되었다고 생각합니다.게다가 20일 유치원 등교의 경우, 싱가포르에서 유치원 집단 감염으로 현재 수많은 아이들과 국민이 고통받고있는 상황인데, 어째서 같은 전철을 밟아야할까요? 고령화시대에 유치원생 뿐만아니라 초중고 및 취업준비생들은 한 명 한 명이 나라의 미래 이자 자원입니다. 뿐만 아니라, 점차 더워지는 여름 날씨에, 아이들이 과연 코로나 예방을 위한 비말 방지 마스크 수준인투과율 94%의 마스크를 철저히 쓰면서, 방역지침을 따를 수 있을까요? 만약 따른다고 하면아이들 끼리 서로 거리를 두어야 할텐데, 그건 그것나름 아이들에게 상처를 줄 수 있습니다.게다가 에어컨 가동의 경우에도 위험하다는 것이 해외 사례를 통해 알 수 있습니다.http://news.khan.co.kr/kh_news/khan_art_view.html?art_id=202004191904001(에어컨을 통한 코로나 감염 의심 사례 기사)환경 및 질병 전문가들은 코로나(covid-19)뿐만 아니라 가까운 미래에 비슷한 바이러스 또는 악질적인 바이러스가 언제든 퍼질 수 있고, 이번 코로나 또한 몇 년 동안 지속될 것이라는 전망을보고 있는데, 이런 시기에, 차라리 '온라인 교육 가이드라인'을 명확히 확립한다면, 지금처럼 불안정하고 일시적인 방역 모범 모델이 아닌 '국가적인 브랜드'로써 모든 세계에오랫동안 널리 알려질 'K-방역모델'이 만들어질 것이라 생각됩니다.이는 앞으로 다가올 어떤 위험에서도 국가 교육 및 행정에서 타격이 없는 국제적 이점 뿐 아니라,다가올 정보IT사회의 심화에 따른 '온라인 자동화 수업' 에서도 강국이 될 수 있는 기회라고 생각 합니다.2. 공무원 공개 채용 일정의 연기 가장 빠른 시기에 있는 '5급 공개채용(외교관/일반/지역) 및 '지역인재 7급' 등의 시험은 초중고의 교실에서 이루어 집니다, 초중고의 등교 개학을 반대 하고, 해서는 안되는 상태에서공개 채용 시험을 강행하는 것 또한 매우 바람직 하지 않다고 생각합니다.또한, 이번 '이태원 클럽 사태'로 인하여, 많은 젊은이들이 코로나에 감염되었거나, 의심 환자인 상태이며,'고시생들이 많이 운영하는 헬스장' 에서 확진자가 나옴에 따라 매우 위험한 상황으로 치닫게 되었습니다. http://www.newspim.com/news/view/20200510000149(노량진 휘트니스 센터 확진자 관련 기사)또한 수험생 여론은 만약 증상이 있더라도, 시험에 응시하겠다고 하는 사람들이 대부분입니다. 이는 수험생은 본인 뿐만아니라, 가족과 지인등 주변의 기대를 받고 있는 부담스러운 상황에 기인한 것으로충분히 이해가 되는 상황입니다.또한, '5급 공개채용 필기시험' 기준으로 시험 입실과 동시에 방역예방을 위해서는 마스크를 항시 착용 해야하는데, 실내 교실에서 더운 여름날씨는 산소 농도를 매우낮아지고, 거기에 코로나 비말 확산을 위해선 94% 투과률의 마스크를 착용할 경우실질적으로 호흡하게되는 산소가 매우 부족한 상태가 됩니다, 이 상태에서 엄청난 집중을 요하는 시험 문제를 풀 경우, 뇌 활성화로 인해 평소보다 훨씬많은 산소를 필요로 하게 되고, 이는 저산소증이라는 매우 심각한 결과를높은 확률로 초래하게 되고, 이는 심폐량이 낮은 사람 뿐 아니라 정상인 들에게도해당되며, 게다가 짧은 시간도 아닌 9시간 가량의 시험 응시는 극단적으로 '사망'할 위험이 매우 높다고 볼 수 있습니다. 국외 뿐 아니라 국내 논문들을 잠깐 찾아보아도, '박**.(2017).고등학생의 체력과 학업성취의 관계.한국여성체육학회지,31(2),127-138.'http://www.dtnews24.com/news/articleView.html?idxno=523071(산소 농도에 따라 신체에 미치는 영향 관련 기사)'정**. (2003). 안정상태에서 외부의 산소공급에 따른 혈중산소포화도, 심박동율, 피부전도도의 변화'등에서 과학적인 관점에서 얼마나 위험한 것인지 수치명확히 알 수 있습니다.코로나와 더불에 이런 열악한 환경에서 공무원 시험을 강행하는것이 과연 올바른 일일까요?지금 현 사태에 이태원 집단 감염 사태가 한창인 시기에 5급 공개채용 및 7급 지역인재와 순경 공채를 진행할 경우, 또다른 집단 감염이 발생한다는 것은 명확합니다. 총선 투표의 경우, 투표를 하는 잠깐 동안만 접촉하면 됬지만, 시험의 경우는 명백히 다르고, 해외의 사례만 보더라도, 거의 확실하게 감염자가 나올 것으로 파악됩니다.때문에, '이태원 집단 감염'에 대한 위험성을 무시하고 가까운 시험들을 강행 한다면,뒤에 있을  지방직 및 교행직(6월 13일), 그리고 9급 국가직(7월 3일) 등 모든 일정들도더 악화된 환경에서 더더욱이 위험한 상황에서 시험을 치뤄야 하는 악순환이 될 뿐입니다.그렇기 때문에, 이러한 공개 채용일정의 경우에도, 기온이 높아 전파력이 낮은 여름을 기점으로 코로나가 어느정도 안정되면, 9월에 모든 시험일정을 재개 하는 것을 강력히 청원 하는 바입니다.-마무리 하며현재 코로나 사태에 대해 국가에서는 적극적으로 발 벗고 나서려는 훌륭한 자세를 보이고 있으며,그 어느때보다 국민들의 목소리를 귀를 귀울여 듣는 정부라고 생각합니다.이것이 시대에 변화에 따른 발전이었든, 특정 정권이 잘하는 것이든 상관 없이, 국민들의 입장에서는정말 고맙지 아니할 수 없습니다, 부디 이 청원이 국가와 국민에 힘이 되어, 진실된 'K방역' 으로위기가 기회가 되기를 바랍니다. [본 게시물의 일부 내용이 국민 청원 요건에 위배되어 관리자에 의해 수정되었습니다]",naver
7,클럽 운영 정지 청원의 건,2020-05-11,2020-06-10,868,https://www1.president.go.kr/petitions/588783,보건복지,"COVID-19 감염병 확산을 방지하기 위해서전국 클럽에 대해서 5월달 운영정지를 청원 합니다.클럽을 홍보하는 네이버 카페 등에 대해서도 홍보글 게시도 중지 검토 바랍니다.클럽은 다중 이용 시설이지만 운영시간상 제대로된 검사, 방역이 불가능하며 대다수가 마스크를 턱에 걸치는 등 제대로 착용하지 않고 신체적으로 밀착되기 때문에 한명이라도 감염자가 있다면 지역사회 확산이 너무 빠를 것 입니다. 이에 청원드립니다.",naver
8,해외 근무자 재난 지원금 배제의 부당성,2020-05-07,2020-06-06,2873,https://www1.president.go.kr/petitions/588675,행정,"저는 해외 주재원으로 근무하고 있는 50대 가장입니다. 이번 COVID19 상황으로 인해 회사도 많은 어려움에 처해있고, 회사의 입장을 백분 이해하기에 급여 감축과 일시 무급 휴직 등에도 동의한 상황입니다.  아마도 제 연배의 대다수 급여 생활자들이 같은 고통을 겪고 있을 거라고 생각됩니다.급여 삭감으로 인한 생활비 부족, 자리 보전을 위한 회사 방침에 대한 적극동의, 직장을 잃을까 하는 두려움 등 요즘한국사회의 흔한 고통을 같이 겪고 있는 평범한 시민 입니다. 다만 다른 것이 있다면 근무지가 한국이 아니라는 것 뿐,재도 주재국가와 한국 정부와 지자체에 꼬박 꼬박 원천 징수로 납세하고 매년 재산세도 납부하고 있구요 , 의료보험도 유지하고 있습니다. 납세의 의무는 물론 50여년간 국방의 의무 부터 국민으로서 짊어져야 할 의무는 충실히 다하고 있는 선거권이 있는 대한민국 국민이며  곧 귀임을 앞두고 있습니다.  한국이 싫어서 또는 사업을 위해서  외국으로 떠난  이민자나, 자발적 영주권을 취득한 후, 한국에  납세를 하지 않거나 병역을 치르지 않는  재외 국민이 아닌 외국 거주 완전한 한국 국민입니다. 이번 재난 기금은 전국민 대상이라고 했고, 긴급 지원금 여부를 떠나 합리적 이유나 설명 없이 [국민]에서 제외되어대단히 불쾌한 기분이 듭니다.  질병관리 본부는 응원할만 했는데 이 기준을 정한 부서는 욕을 해주고 싶군요미신청시 기부금 전환?, 기부는 본인이 본인의 선의로 하는 것인데 심지어 미신청할 기회조차 주지 않고 기본적인 자격을 박탈하는 것은 도대체 무슨 경우 입니까. 귀화한 외국인, 한국인과 결혼한 외국인들까지 지원이되며 탈북민도 되는데 50여년간 온갖 의무를 충실히 다해왔고 현재도 주소지외의 삶의 터전은 서울인 멀쩡한 한국인을 ""모든국민""에서 제외시키는 기준과 개념은 도대체 누가 정하고 어떤 근거에서 정하는 건지 그거라도 알려 주시면 좋겠습니다긴급 지원의 취지가 영업 손실이나 급여 축소등으로 인한 국민적 고통에 세금을 재원으로 하는 국가 공적 보조가 목적일텐데, 근무지의 공간적 차이만으로 같은 고통과 당연한 자격에서 배제되는 것은 금액의 실질적 도움 정도와는 무관하게 법적으로나 인권적인 개념으로나 옳지 않습니다.이부분에 대한 명확한 시정을 원합니다",facebook
9,해외 건설 근로자들을 코로나에서 지켜주세요.,2020-05-07,2020-06-06,5392,https://www1.president.go.kr/petitions/588660,안전/환경,"안녕하세요.  해외에서 한국의 건설 회사에 근무하고 있는 대한민국 국민입니다.요즘 한국에서 COVID-19 방역에 성공하여 국내 COVID-19 확진자가 0 명이라는 뉴스를 들을 때마다 해외에서 근무하는 모든 건설 근로자와 그 가족들은 대한민국 국민이라는 자부심에 하루하루 지내고 있습니다. 하지만 최근 4일 UAE에서 발생한 한국인 건설 근로자의 사망과 그리고 금일 6일에는 쿠웨이트에서 복귀한 건설 근무자 중 양성 2명에 대한 뉴스를 보았습니다. 하지만 많은 국민들이 그 뉴스를 보고 제발 해외에서 근무하는 저희 같은 사람들이 국내로 들어오지 않았으면 하는 의견에 많은 동참을 하는 국민들의 현 실태를 보고 현재 해외에서 근무하고 있는 건설인들의 어려움은 모른 채 저희들을 또 하나의 바이러스 매개체로 느끼는 국민들에 서운함과 안타까움을 함께 느꼈습니다. 이와 관련하여, 해외에서 건설 직종에 종사하는 한 사람으로 그리고 해외에서 실제로 코로나를 직접 경험하고 있는 대한민국 국민으로서 대통령님께 건의할 사항이 있어 이렇게 글을 올립니다.현재 대부분의 해외 건설사 근로자들은 자의보다는 타의나 회사의 강요로 인하여 해외로 파견되어 근무하는 상황이 대부분이며, 이로 인해 장기간 해외에서 근무하는 경우에는 가족을 함께 동행하는 경우도 매우 많습니다. 하지만 이렇게 해외의 프로젝트를 위하여 해외에 파견되어서도 주재원의 해택은 받지 못하고 회사로부터 나오는 월급에서 꼬박꼬박 대한민국 국민으로서 세금을 납부하고 있습니다. 그렇지만 해외에서 근무하는 건설사의 근로자들은 주재원이라는 해택을 받을 거라는 사람들의 잘못된 인식과 국가 보호망의 사각지대에 있어, 국가보다는 회사의 정책에 개개인과 그 가정의 생활이 안전이 좌지우지되는 경우가 태반이며, 만약 회사의 정책이 국가의 정책을 따라가지 않는 경우 이 모든 차이는 근로자와 그 가족의 몫입니다.이번 코로나 사태를 예로 들자면, 해외에서 진행되는 일부 프로젝트의 경우 코로나 환자가 발생하였음에도 불구하고 적기 공기에 준공을 하기 위하여 코로나 환자 및 접촉자들의 관리에 대한민국 내에서 취해지는 그 대처와 차이가 분명함에도 불구, 회사의 정책이나 이윤을 위하여 이것들이 무시되는 경우가 허다합니다. 아시다시피 건설 프로젝트는 그 프로젝트의 규모가 어마어마한 경우가 많아 많은 직원들이 함께 생활하며 이 때문에 단 한 명의 코로나 감염은 그 감염된 인원의 의학적인 대처도 힘들 뿐더러, 그와 함께 생활하는 많은 직원들에게 엄청난 위험을 도래합니다. 대한민국 정부가 다른 나라에게 코로나 관련 방호복이나 테스트키트 등을 많은 부분 지원하고 있고, 뿐만 아니라 어렸을 적 타국으로 입양되어 현재는 다른 나라에서 생활하고 있는 사람들도 지원을 하고 있다는 뉴스를 보았습니다. 이러한 지원에 대한민국 국민으로서 당연하게 생각하지만, 한편으로는 해외에서 여전히 대한민국 국민으로서 생활하고 있는 많은 사람들에게 과연 현 상황에서 국가의 보호망 밖에 있다는 사실에 불안감과 실망감 또한 느낍니다.따라서, 한국 정부가 국내 방역에서 완벽하게 코로나를 통제했던 것 처럼 해외에서 한국 건설회사가 어떻게 코로나에 대응하고 있는지 관리 감독이 필요하다고 봅니다. 제발 해외현장에서 가족들과 떨어져서 자의 혹은 타의에 의해 해외 현장으로 발령받아 일하다 결국 코로나로 고국으로 돌아가지도 못하는 일이 없도록 정부의 적극적인 관리 감독을 요청드립니다. 감사합니다.",naver
10,페루 전세기 요청합니다.,2020-05-06,2020-06-05,643,https://www1.president.go.kr/petitions/588643,안전/환경,"안녕하세요.페루에 주재원으로 나가있는 동생 대신 글을 올립니다.안녕하세요 저는 페루에 주재원으로 나와있는 가족입니다.현재 페루는 코로나 확진이 급격하게 진행되고 있어 세계 13위인 상황입니다. 총 확진자수는 51,189건이고, 총 사망자수는 1,444명 입니다.  총 확진지수는 브라질(세계 9위, 총 114,715건)보다 현저하게 작지만, 인구대비로 따지면 페루의 코로나 확진자수는 인구 십만명당 160명, 브라질은 인구 십만명당 54.8명입니다. 확진 속도도 빠른 상황으로 최대 전일 대비 3,000여명씩 증가하고 있어, 약 10일마다 2배수로 증가하고 있는 상황입니다.이곳의 의료진 감염도 심각한 상황입니다. 의료진 감염자 수는 총 635명이고 중증 환자는 37명, 현재까지 총 4명이 사망하였습니다. 마스크와 의료장비, 병실 수는 턱없이 부족한 상황입니다. 뿐만 아니라 경찰 1,300여명이 코로나 확진 되었고, 11명이 사망한 상황으로 치안마저 위험한 상황입니다. 페루에는 베네수엘라 이민자들과, 최근 조기석방된 출소자 등 치안이 매우 불안한 상황입니다.안타깝게도 지난 4.23일 한국 교민 한명이 실종된 상황이나, 뉴스나 언론에서는 전혀 언급되고 있지 않습니다.페루정부의 강력한 조치로, 금일까지 51일째 엄격한 격리생활을 진행중에 있으나, 확진자수는 언제 줄어들지 모르게 치솟고 있습니다. 부디 페루의 심각한 상황을 알려주시고, 페루에 전세기가 지원될 수 있도록 애써주시길 부탁드립니다. 감사합니다.+ 페루 전세기는 3.28일 198명을 데리고 귀국 하였으나, 관광객 및 코이카 봉사단이 대부분으로 교민 및 주재원은 이용할 수 없었음+ 뉴질랜드에는 현재까지 총 4차 전세기가 지원된 상황 (뉴질랜드 총 확진자 수: 1,486명, 페루 총 확진자수 51,189명, 페루 총 사망자수 1,444명)자세한 통계는 아래 링크를 참조해주시길 바랍니다. 감사합니다. https://en.wikipedia.org/wiki/COVID-19_pandemic_in_Peru",kakao
11,준비된 전문가 정은경(질병관리본부장)을  차기 WHO사무총장으로 만들자.,2020-05-04,2020-06-03,838,https://www1.president.go.kr/petitions/588559,미래,"코로나바이러스감염증-19(COVID-19)에 관한WHO사무총장 사퇴 요구 국제 온라인 청원 서명 100만명을 넘겼던 종료 시점에서,...준비된 전문가 정은경을전 세계 전염병 예방과 방지를 위한 차기 WHO사무총장으로,...* 2015. 메르스,   2019. 코로나19 전염병 확산을 차단, 전 세계가 인정하는 대한민국!  그 현장 중심에선 최고 권위자.  당신의 실력과 경험 그리고 열정을 다시 한 번 전 세계를 위하여,... 홧팅!* 학력 - 서울대학교(의학/학사)- 서울대학교(보건학/석사)- 서울대학교(예방의학/박사) * 경력- 2017. 07 질병관리본부 본부장(현) - 2016. 01 질병관리본부 긴급상황센터 센터장 - 2014. 03 질병관리본부 질병예방센터 센터장",naver
12,"""치료제 제품설명회에서 물 한잔 제공받지 못하는 간호사""를 글로벌의약협회 '보건의료인' 규정에 포함시켜 주세요.",2020-04-13,2020-05-13,236,https://www1.president.go.kr/petitions/588051,보건복지,"안녕하세요코로나바이러스 19(COVID 19)로 인하여 많은 의료인 분들이 자원하여 봉사를 하고 있는 모습과 마스크를 쓴 얼굴에 난 흉터를 보고 깊은 생각이 들어 청원하게 되었습니다.   글을 쓰는 저는 간호사로 대학병원 암병동에서 근무를 하였고, 현재는 외국계 제약회사 연구개발팀에서 근무하고 있습니다. 전국에서 코로나 바이러스로 감염된 환자 치료를 위해 많은 간호사가 애쓰고 있습니다. 많은 매체에서는 간호사를 믿는다고 이야기하고 감사하다고 이야기하는 것 같습니다. 그리나 저는 이면에 있는 이 분들의 처우와 현실에서의 괴리에 대해 생각해보게 되었고 몇 가지 수정이 필요한 부분과 한계에 대해 이야기 하고 싶습니다. 이에  ""치료제 제품설명회에서 물 한잔 제공받지 못하는 간호사""에 대한 배경을 공유하고 아래 내용의 해결 촉구를 청원 합니다. ""대한간호협회"", ""한국글로벌의약산업협회(이하, 글로벌의약협회(KRPIA)"" 관계자 분들 그리고 보건복지를 위해 애쓰시는 모든 의료인 여러분들께서 관심을 갖고 글을 읽어 주시면 좋겠습니다.[주제] 의료인으로써 치료 약제 설명회에 참석한 간호사는 글로벌의약협회(KRPIA)가 정한 ""보건전문가(의료인)""에 속하지 못하고 생수 하나도 먹지 못하는 이 상황의 괴리에 대해 공유하고 관계자의 해결을 촉구 합니다. 그 속에서 의사와 약사만이 식사를 할 뿐 입니다. 글로벌의약협회(KRPIA) 규정 중 “보건의료전문가”에 의사, 치과의사, 한의사, 약사, 한약사와 함께 간호사를 포함시키고 환자 치료의 접점에서 치료 약제 설명회에 더 많은 참석을 할 수 있도록 해주세요. 미국을 포함한 유럽에서는 보건의료전문가를 'Health Care Provider (HCP)'로 한정하고 이에 간호사를 포함하고 있습니다. 그러나 우리나라에서는 보건의료전문가의 그 구분이 달라 협회의 규정이 법규를 앞서고 있는 실정 입니다. 최신 약제에 대한 이해를 높이고 높아진 이해가 환자 치료에 도움이 될 수 있도록 보건의료전문가의 범위 조정을 요청 합니다.[배경]제약회사에서는 치료제의 효능, 효과와 부작용 등에 대한 이른바 '제품설명회'를 진행합니다. 새로운 치료제로써 식약처 승인을 마치고 환자 치료에 사용이 시작되었기 때문에, 병원에 근무하는 의료인을 대상으로 치료제에 대해 설명하는 것 입니다. 바쁜 병원 스케쥴 때문에 주로 아침 7시나 점심시간 그리고 외래가 끝난 시간에 병원에서 이루어 집니다. 이때 의료인에게 식사와 음료 포함하여 3만원 이하에 해당하는 도시락을 제공할 수 있습니다.  대한민국 의료법에 따라 ""의료인""이란 보건복지부장관의 면허를 받은 의사·치과의사·한의사·조산사 및 간호사로 한정하고 있고(참고 1), 많은 의료인이 최신 치료제에 대한 설명회에 참여를 합니다.[문제]대부분의 항암치료제를 비롯한 치료제는 미국이나 유럽에 본사를 둔 다국적제약회사에서 만들어져 사용되고 있습니다. 한국에서도 허가를 받아 치료제를 상품화하여 판매하는 다국적제약회사 ""글로벌의약협회(KRPIA)""에 회원사로써 규정을 만들고 그에 따라 활동을 하고 있습니다. 그러나 한국다국적의약산업협회 규정에서 “보건의료전문가”라 함은 의사, 치과의사, 한의사, 약사, 한약사를 말한다고 규정하고 있습니다(참고 2). 문제는 한국다국적의약산업협회에서 정하 규정에 따라 보건의료전문가에게만 식음료를 제공하게 되어 있기 때문에 간호사에게는 어떠한 것도 제공할 수 없다는 것 입니다. 이에 한국의 의료법에서 정하는 의료인의 규정과 상충이 벌어지게 되는데, 바로 간호사가 빠져 있기 때문 입니다. 치료제 설명회에 참석한 간호사들이 도시락에 손을 대는 순간 ""죄송하지만 보건의료인이 아니기 때문에 식사를 드실 수 없다""고 양해를 구한 뒤 제약사 직원들이 도시락을 수거하는 상황 입니다. 그 이유는 간호사는 보건의료전문가에 속하지 않으며, 의료인으로 병원에서 환자와 의사 최접점에 있기 때문에, 제약회사에서 제공하는 음식을 먹게 되면 회사에서 식음료를 제공 받기 때문이라고 합니다. 국가에서도 인정하는 의료인 중 전문간호사, 선임 간호사 들이 식사를 빼앗기고 참석을 하고도는 애써 태연한 척 슬라이드만 보며 공부를 하고, 나머지 의사와 약사들은 식사를 하고 있는 실정이 계속 되고 있습니다. 소위 간호사 그룹은 식사 못하는 그룹이 되는 것 입니다.[결론]""Nursing Pharmacology Conference"" 등의 학회에서는 전 세계의 간호사들이 모여 치료제와 최신의학 지견에 대해 서로의 견해를 나누며, 간호사 연간 보수교육으로 인정하고 있습니다(참고 3).   이들은 모두 간호사이고 다국적제약회사에서 지원하는 프로그램에 참석을 하고 있습니다. 한국 간호사의 수준이 외국 간호사에 미치지 못하는 것이 아닙니다. 한국의 간호 대학 교과 과정이 수준에 미달하는 것이 아닙니다. 진정 '한국다국적의약산업협회'에서 원하는 것이 간호사가 치료제에 대한 정보에 대해 알지 않기를 원하는 것은 아닐 것 입니다. 이 부분은 단지 밥 한끼의 문제가 아니라, 해당 부분에서 필요로 하는 지식을 간호사는 치료 접점에서 알고 있어야 한다는 것 입니다. 대체 왜 국가 비상 시에는 나라의 영웅에 속하는 전문 인력이, 평범한 상황에서 식사를 못하는 그룹에 속해 있어야 하는지 의문 입니다. 간호사의 힘이 아닌 대한간호협회, 글로벌의약협회(KRPIA) 관계자 분들 그리고 보건복지를 위해 애쓰시는 모든 의료인 여러분들께서 관심을 갖고 힘을 보태 주시면 좋겠습니다. [마치는 글]최근에 한 제약회사에서 ""심장질환 관련 간호사 교육""을 열었습니다. 미국에서 전문 간호사를 초빙하여 교육을 하는 프로그램이 이었습니다. 이 교육에 참석한 간호사는 약 100명이 넘었습니다. 이 교육은 점심시간 포함하여 6시간 이상 진행되었지만, 식사는 물론 주스나 심지어 물도 없고, 보수 교육으로 인정도 되지 않았습니다. 별도의 확인증 같은 것도 없습니다. 참석한 간호사에게 주어진 것은 치료에 대한 이해가 다 입니다. 순수히  환자 치료에 어떤 치료제가 어떤 방식으로 쓰이는지 알고자 참석한 것 입니다. 현재의 간호 수준은 표적항암부터, 면역치료제에 이르기까지 최신 의학, 약학을 전반적으로 이해하고 있어야 합니다. 혈액암 치료 경험 상 간호사는 밤 새 환자의 상태를 살피고 주기적으로 치료제와 혈액제가 정확하게 공급 되도록 합니다. 그로 인한 부작용은 없는지 계속해서 살피고 변화를 모니터링 합니다. 암 환자에게 치료보다 무서운게 부작용 입니다. 그래서 신규 간호사로 배정이 되면 질환과 치료제의 관계에 대해서 달달 외울 정도로 암기를 하고 이해를 한 상태에서 치료 환경에 임합니다. 이런 것들이 환자의 치료에 직접적으로 연결이 된다는 것을 이해하고,  치료제와 예상되는 부작용과 결과에 대해 명확히 알아야 비로소 직업 의식을 갖춘 의료인으로써 거듭날 수 있을 것이고 저희 가족이 아파도 믿고 맡길 수 있을 것 입니다. 국가에 어려운 일이 터졌을 때 얼굴에 흉이 지도록 일을 하는 모습을 보고 또 이번 코로나 사태에서 간호사의 모습을 보고 이런 괴리를 나 혼자만 알고 있으면 안될 것 같아 청원을 합니다.모쪼록  한국다국적의약산업협회 규정에서 “보건의료전문가”라 함은 의사, 치과의사, 한의사, 약사, 한약사의 규정에 간호사를 포함시키고 환자 치료의 접점에서 치료제에 대한 이해를 높여 우리나라 의료의 수준을 더 높일 수 있도록 해주시기 바랍니다. 참고1. 대한민국 의료법규 제2조2. 한국글로벌의약산업협회 공정경쟁규약 및 실무운용지침 3. https://pharmacology.nursingconference.com/",kakao
13,상장기업이 승계를 위해 코로나19를 틈타 의도적으로 불리한 합병을 하려합니다. 막아주세요.,2020-04-10,2020-05-10,181,https://www1.president.go.kr/petitions/587974,경제민주화,"안녕하세요?전 KOSPI 상장기업인 삼**** 소액주주모임에서 활동하고 있습니다. 전후사정을 간략히 설명드리자면 저희가 투자한 삼****는 *** 재벌 계열사로 동***** 창업주인 고 이**씨의 차남인 이**씨가 오너로 있는 기업입니다.2017년, 경영자의 경영미숙으로 논산 공장의 설비점검 및 가동중단으로 재무상황이 악화되었으며 어이없는 회계오류로 감사 한정판정을 받아 주가가 급전직하 한 바 있습니다. 그러나 저희 개인투자자들는 삼****의 부진에도 불구하고 우량 자회사들을 거느리고 있는 맏형뻘 지주기업이며 그 자산가치가 적지 않았기에, 오래전부터 자회사를 기업공개하여 주주가치를 제고하겠다고 천명하여온 경영자 이** 회장에 대한 신임을 마지막까지 버리지 않았습니다.삼****는 현재 다른 자회사인 ""***건설""과 함께 비상장 우량기업 ""**에너지""의 지분을 약 40% 가지고 있는 실질적 최대주주 입니다. 이미 소유한 지분 자산과 추 후 IPO에 따른 성장 가능성에 높은 점수를 주고 많은 개미들이 오랜세월 매수를 해온 바, **은 이제 특정 집안이나 개인의 소유물이 아닌, 특수관계인을 제외한 개인투자자의 지분이 50% 가까이 되는 개미들의 회사이기도 합니다.그러나,COVID-19라는 미증유의 대재앙을 만나 한국증시가 역사적 저점을 기록하는 이 때,2020년 3월 18일의 갑작스런 공시에 주주들은 당황하게 됩니다.여지껏 IPO 를 하겠다고 여러차례 이** 회장 본인 입으로 주관사를 알아보고 있다, 협상하고 있다, 반복반복 공약하고 여러차례 공개석상에서 주주들에게 이야기 해왔거늘...**에너지의 상장을 ""삼**** + ***건설 + **에너지"" 3자 합병을 통한 우회상장으로 하겠다는 공시가 난 것입니다.그리고 사측은 **회계법인의 감수를 받았다며 ""삼****""는 역사적 COVID-19 증시의 ""현재 시장가치""로, (지분가치를 제하였을 뿐 아니라, 최근 매각한 부동산 자산가치까지 다분히 의도적으로 반영하지 않았습니다)""***건설""은 투자부분을 인적분할하여 페이퍼컴퍼니 수준의 비상장회사를 급조한 후, ""보유한 자산가치"" (여기엔 자회사에 대한 지분가치가 아주 적극적으로 편입되어 있습니다) 로 합병비율을 산정하겠다는누가 봐도 일방적으로 불공정한 합병안을 상정하였습니다.현 안 대로라면, 삼**** 주주들은 경영구조의 정점에 있으면서도 소유한 지분에 대한 자산가치는 전혀 인정받지 못하고, 오히려 삼****의 지배력을 약화하는 헐값 매도에 제물로 바쳐지는 셈입니다.그리고 이 모든 과정에는 정작 본인이 삼****의 가장 책임있는 최대주주이자 경영자 면서도, 자녀들에게 경영권을 우회 승계하려는 이** 회장의 편법과 탈법, 그리고 상장기업 세습이라는 경제 부정의가 개입되어 있습니다.모든 합병안이 사측의 기획대로 실현된다면,이** 회장은 현재 지분 22.18% 에서 합병 후 지분은 8% 대로 줄어들고,그의 자녀들은 현재보다 3배이상 폭증하여 삼*** 지분의 약 40% 이상을 확보함으로써 ""손 안대고 코푸는 격""으로 경영권을 상속할 수 있는 것입니다.저희 주주들은 이번 합병이 명백한 편법승계로 개인주주들이 코로나 대폭락으로 인한 공포와 충격으로 경황이 없을 때, 오너가 일가경영이라는 전근대적 지배구조를 세습하기 위해 탐욕을 부렸다는 점에서 너무나 큰 슬픔과 실망감, 그리고 배신감에 빠져있습니다.상장기업의 경영권 승계가 늘 이러한 편법과 꼼수로 개인투자자들을 장기판 말처럼 이용하고 부도덕한 협잡으로만이루어진다면,과연 그 누구가 앞으로 대한민국 주식시장에 투자하겠습니까?그들은 적법을 주장하지만정황증거 상 다분히 ""악의적인 경영권 세습""입니다. 되려 적반하장 격으로 회계법인과 법무법인의 위세를 이용,개인 투자자들의 정당한 억울함과 이의제기마저 무지와 억지스런탐욕으로 몰아갑니다. 많은 개인투자자들이 망연자실하여 한줄기 희망조차 없는 도탄에서 풀줄기라도 잡는 심정으로 이렇게 청원글을 올리오니 부디 작은 관심이라도 부탁드립니다. 긴 글 읽어주셔 감사합니다.- 삼**** 소액주주 일동 -https://open.kakao.com/**********상기 주소는 개인주주 비상대책위 오픈채팅방입니다. [본 게시물의 일부 내용이 국민 청원 요건에 위배되어 관리자에 의해 수정되었습니다]",naver
14,미국 ***** 기존 소유주 장**회장 & 장** 피해 업체들 호소문,2020-04-07,2020-05-07,892,https://www1.president.go.kr/petitions/587866,경제민주화,"세상을 뒤흔드는 코로나로 너무도 어려운 나날들 보내고 계시지요. 대한민국 정부와 국민 모두 힘내시라는 말씀을 먼저 드립니다.이 바이러스만큼이나 무서운 장**회장 & 장**씨를 만천하에 고발합니다.- 한국 14개 의류 제조 수출업체(협력 업체)들 피해액 $7400 만불(900억원)- LA 현지 개인교회 소유, 참된 신앙인 흉내, 죄 짓지 말고 대금 지급 의무 이행하라.- 착취를 일관한 이들에게 정의의 심판과 단죄 필요!- 한국 및 해외 수많은 업체 사업 붕괴와 생계유지 불가능. 짜여진 각본에 의한 잔인한 사기극의 결론이 저들의 자유와 피해업체들의 붕괴로 끝나지 않기를 바라며, 죽지 않고 회생하여 국가에 이바지 할 수 있도록 도와 주세요.피해액 회수할 모든 방법 동원을 대한민국 정부와 여러분께 호소합니다. 동일 피해 업체 채권단 모두가 절박한 심정이나 교묘히 법적 책임을 피해간바 피해자들끼리는 아무것도 못하고 속수무책이고, 바이러스로 인한 피해까지 겹쳐 냉정을 유지할 수 없는 혼돈 그 자체입니다. 이미 COVID19 발생 전부터 장씨 부부의 사기로 구조 조정, 정리해고 및 연봉 삭감 등 모든걸 실행했기에 더 이상 버텨낼 수가 없습니다. 피해액 보상만이 살길입니다모든 형태가 대금 지급을 안 하려고 미리 시나리오 짜서 파산 보호 신청을 한 것이며, 담보 채권 위주로 지급하고 선량한 우리 기업들 모두에게 사기를 친 것입니다. 최근 새 소유주도 COVID19 바이러스로 인한 미국 주요 도시 폐쇄 사태로 입고 직전 오더를 취소 하거나 수량을 줄이거나, 봉제 중 인 것, 원단이 다 준비된 것들도 취소, 대금 지불 기한도 가차없이 지연시켰습니다. 이에 대한 피해 역시 커져가고 있습니다. 도저히 참을 수도 버틸 수도 없는 고통의 나날들이며 너무 심각하여 서로 위로도 못할 지경이 됐고, 장--회장 & 장--, 이 부부의 물품 대금 미지급으로 인해 피해 업체들 한국직원들 정리해고 및 해외 3만여 노동자, 10만여 가족들의 고통이 지속되고 있습니다. 베트남의 한 한국계 봉제 공장 남호는 이미 부도가 났습니다. 부도 직전 사장님의 한탄과 이 부부를 향한 원망 그리고, 급여 지연으로 1년에 딱 한번 있는 휴무 기간, 설날 가족 만나러 고향도 못 가고, 생활비도 못 내고 있다는 공장 직원들의 고통스런 눈물을 잊을 수가 없습니다. 14개 피해업체들은 현재 관련 협력 자재업체 및 봉제 공장 등으로부터 대금 지급 이행을 못하는 상황에 이 사태는 꼬리를 물고 악화되어 가고 있습니다. 그럼에도 불구하고 피해 업체들은 하소연할 곳이 없고 그나마도 사업 영위를 위해 숨 죽이고, 오더 하나라도 더 받아 필사적으로 피해액 복구하려 총력을 다하다 바이러스까지 겹쳐 사태가 이 지경까지 흘러 가다 보니 개인 재산은 충분하고도 넘치면서 업체들에 너무도 큰 물품 대금을 이행하지 않은 장**회장 & 장**씨에 대한 분노가 커지고 있으며, 지금이라도 한국 내 재산이라도 추적하여 피해 업체들 보상할 방법이 있겠는지, LA(로스앤젤레스)에 개인 소유 교회까지 있으면서도 이렇게 악랄하고 파렴치한 부부에게 앞으로 과연 한국 정부가 입국 허가를 줘도 되는 건지 묻고 싶습니다. 한국 업체들과 가난한 노동자들의 피와 땀이 얽힌 피해액 900억원은 이 어려운 시기 결국 우리나라의 자산을 갉아 먹은 것과 동일하니, 정부가 나서 이 부부의 개인 재산 수사와 대금지급 이행하도록 강력 압박을 바라며, 이행하지 않으면 한국 입국 금지 및 미국 시민권 박탈 요청이라도 촉구합니다. 장**, 장** 인터넷에 치면 성공 인물로 아주 유명하며, 미국 시민권 자로서 미국 부자 서열에도 다년간 올랐습니다. 세계적 400대 부자 리스트 88위에도 올랐습니다.한국 내 재산은 TV조선 2대주주로 추정 3백여 억원 이상 포함 7백억 정도에 달하는 거로 예상하고 있고, 미국 내 재산까지 하면 빌딩 소유 등 상당 하다고 합니다. 대금 지급할 여력이 충분히 있습니다. 이들에게 지금이라도 보상받을 수 있게 제발 도와주세요. [본 게시물의 일부 내용이 국민 청원 요건에 위배되어 관리자에 의해 수정되었습니다]",facebook
15,문재인 대통령님 Covid-19 확산과 ********* 파산으로 죽음 앞에 선 한국의류벤더 (섬유산업)를 살려주세요.,2020-04-03,2020-05-03,1552,https://www1.president.go.kr/petitions/587702,기타,"문재인 대통령님안녕하세요? 우선 바이러스 확산 방지와 국민의 건강복지를 위해 불철주야 힘써 주심에 감사 드립니다. 저는 20년 가까이 섬유업에 종사하며, 대한민국 수출과 달러벌이에 미약한 힘을 보태 온 사람입니다.  최근 주요 거래처인 *****의 비상식적인 사업 행태는 당사를 비롯한 수많은 한국의류벤더에게 엄청난 시련을 안겨주었으며, 코로나19 전염에 따른 미국 경기 침체가 더해져 파산에 직면해 있습니다. <한번의 죽음> ***** 의 설립자 장**, 장**은 ‘동대문신화’, ‘아메리칸 드림’ 등으로 성공 신화를 이뤄내며 포브스 선정 억만장자, LA 10대 갑부 (부부 자산만 약 6조원 평가)로 평가 받는 기업인이었습니다. 하지만 그 실상을 들여다봤을 때 그 부부는 희대의 악덕 기업가로 평가받아야 된다고 생각됩니다. 2019년 9월 의도적으로 한국 의류벤더에 지불할 채무 (1,000억원) 를 변제하지 않고, 파산 신청을 함과 동시에 이자 7%를 포함한 채무변제 약속을 미끼로 한국의류벤더 대표자들을 모두 미국으로 불러들여 대금 지급 약속을 했으나, 그마저도 추가적으로 제품을 빼앗기 위한 간사한 계략으로 한국 의류벤더는 추가 400억원의 채권을 받지 못하게 되었습니다. 한국의류벤더, 협력업체, 해외봉제공장 모든 임직원 및 가족들의 피와 땀인 1,400억원 사기를 당했으나 아무 것도 할 수 없는 이 허망함과 장씨 부부 소유 자산의 2% 밖에 해당되지 않는 채무를 변제하지 않는 장씨 부부에 환멸을 느낍니다. 유태인, 화교와 달리 한국 기업, 한국 사람을 중점적으로 사기의 대상으로 삼은 노란 얼굴의 외국인인 장씨 부부 (한국계 미국인) 에게 합당한 벌을 줌과 동시에 한국에 숨겨놓은 재산 (TV조선 채널 지분, 김포 토지 등)을 처분, 채무 변제에 사용될 수 있도록 도와주세요.지금도 수백억이 넘는 고급주택에서 호의호식하며, 한국의류벤더들을 비웃고 있을 장씨 부부를 생각하면 억장이 무너집니다. <두번의 죽음>*****을 인수한 회사는 미국 내 Covid-19 빠른 확산과 경기침체에 따라 이미 주문을 하고 선적까지 마친 한국의류벤더의 수출품을 모조리 캔슬을 하고 있으며, 그 제품에 대한 대금을 전혀 지급하지 않겠다고 하며, 약속된 결재일 또한 무기한 연장, 결재조건 역시 일방적이고 강제적으로 변경을 하고 있습니다. 이 문제는 ***** 에 국한된 것이 아닌 미국 내 대다수 의류회사에서 논의가 아닌 통보가 되고 있으며, 추정되는 손실액이 수천억을 넘어갈 것으로 예상되는 한국의류벤더 창립 이래 최고의 위기상황입니다. 열심히 일하는 직원이 있어야 기업이 존재하고, 건실한 기업이 많아야 국가의 재정도 강건해진다고 생각합니다. 회사의 경영활동에 대한 결과물인 법인세와 국민의 피땀인 세금을 억울하게 포에버 21 창업자 장**, 장**에게 빼앗기고, 이제 일방적인 오더 취소로 한국의류벤더들이 파산에 직면한 상황이 너무나 화가 나고 억울합니다. 한국 의류산업 전체에 심각한 피해를 입한 ***** 설립자 장씨부부를 처벌할 수 있는 방법과 Covid-19 으로 파산에 직면한 한국의류벤더들이 숨은 쉴 수 있도록 각별한 관심과 도움을 간곡하고 간절하게 부탁 드립니다. 감사합니다. [본 게시물의 일부 내용이 국민 청원 요건에 위배되어 관리자에 의해 수정되었습니다]",naver
16,무상급식 물품을 아이들에게 보내 주세요,2020-04-02,2020-05-02,420,https://www1.president.go.kr/petitions/587623,육아/교육,"경기도에서 친환경 급식을 대비하여 준비한 농산물을 꾸러미로 만들어 2시간만에 완판 하였다는 소식이 있습니다.학교급식을 위해 준비한 농산물이 경기도에만 있겠습니까?  전국적으로 학교급식을 위해 준비한 막대한량의 농산물이 헐값에 처분될 위기에 있습니다. COVID 19로 인한 개학연기가 불가피하다고는 하나 집에서 지내는 아이들의 식사와 영양 문제는 방치되고 있습니다.어차피 무상급식을 위한 예산도 전국 각 교육청에 그대로 있을겁니다. 이를 활용하여 집에서 온라인수업을 준비하고 실행하는 학생들에게 ""급식꾸러미""를 만들어 각가정으로 보내도록 정책을 만들어 주십시오.  전국의 교육청에서는 초유의 개학연기 사태에 이러한 사업은 생각 조차 못하고 있습니다.대통령님께서 결단하시어 원래급식예산을 집행할 수 있게 해주시고, 또한 농민들의 근심과 한숨을 덜어 주십시오. 학부형들또한 방학포함 100여일동안 집에만 머무는 아이들의 식단에 심한 부담을 느끼고 있습니다.조속한 시일내에 무상급식예산이 우리의 미래인 아이들의 건강을 위해 쓰여질 수 있도록 다시한번 부탁드립니다.",naver
17,문재인 대통령님 COVID-19 확산에 따른 한국 의류벤더 섬유 산업을 살려주세요.,2020-03-31,2020-04-30,11365,https://www1.president.go.kr/petitions/587485,일자리,"문재인 대통령님.안녕하세요. 먼저 불철주야 COVID-19 확산 방지에 힘써주셔서 감사합니다. 그리고 이런 상황에서 세계 다른 어떤 나라보다 안전한 대한민국을 만들어 주셔서 다시한번 감사드립니다. 대통령 님. 저는 의류를 수출하는 의류벤더 업체에 다니는 가족이 있습니다. 소비자와 직접적인 접선이 있는 항공, 여행, 정유 , 자동차 등의 업체들만 힘든 줄 알고 있었는데, 미주에 주로 의류 수출을 하는 의류 벤더 업체들은 미국의 코로나 확산으로 진행되고 있는 모든 오더가 구매자의 일방적 구매 취소/선적 취소/대금지급이 거부요청됨에 따라, 미국바이어로부터 대금지불을 받을 수 없다는 이유로 회사에서는 구조조정이 시작 되고 있습니다.  특히 제 가족이 다니고 있는 회사의 경우에 3월 27일 노사합의 없는 일방적인 통보, 4월1일 시행으로 인원의 50% 감축, 4월 월급30% 삭감, 급여가 없는 무기한 무급휴직 그리고 그동안 허가하지 않던 육아휴직까지 총 4가지 패키지로 구성하여 직원들을 압박하고, 이를 빌미로 직원들을 이간질하여 힘없는 직원들이 떨어져 나가도록 유도하고 있습니다.  한국의 의류벤더 업체는 한때 한국의 수출의 한 축을 담당할 만큼 수출실적에 있어 좋은 성과를 냈었고, 이를 뒷받침 하기 위해 많은 종사자들이 불철주야 피땀을 흘려 왔습니다. 하지만 예상할수도 없었던 금번 사태로 인해 많은 한 가정의 가장 그리고 부모들, 생계를 책임지고 있는 가족이 실업자로 내몰릴 위기에 처해있습니다. 정부에서는 고용유지지원금과 관련된 일자리 안정대책을 쏟아내고 있지만, 의류벤더 섬유 산업에 종사하고 있는 사람들 대부분이 그렇듯 저의 가족이 다니고 있는 회사는 그 언론에서 매일같이 이야기 하고 있는 그 정책에 대해 전혀 체감하고 있지 못합니다. 회사는 이렇게 당장 구조조정하지 않으면 몇개월을 버텨낼 수 없다면서, 상기 4가지 패키지를 강요하는데, 노조도 없는 상황에서 힘없는 개개인이 당해낼 수가 없는 상황입니다. 이에 일반적인 알려진 업계 뿐아니라 소비자에게 잘 알려지지 않은 저희 의류 벤더 섬유산업 종사자들도 이번 코로나바이러스로 무너지지 않도록 힘써주시기를 간절히 부탁드립니다. 긴 글 읽어주셔서 감사드리며, 다시한번 간곡히 검토될 수 있도록 재가 부탁드립니다. 감사합니다.",naver
18,대한민국 해외근로자에 대한 귀국 항공 노선 확보.,2020-03-30,2020-04-29,599,https://www1.president.go.kr/petitions/587417,외교/통일/국방,"안녕하십니까, 현재 북아프리카 마그레브에 위치한 나라중 1개 국가에서 근무중인 우리나라 국민을 대표하여 글을 올립니다. 이렇게 글을 올려서 저의 청원이 실질적으로 이루어질 가능성은 희박하지만 시도 없이 성공은 맛 볼수 없기 때문에 용기를 내어 간략하게 글을 작성합니다.전세계적으로 Covid-19 바이러스로 인하여, 우리나라 뿐만이 아니라 전세계가 대공황 상태에 있다보니 외교적인 차원에서 대한민국 정부가 나서서 해외 타지에서 발생하는 모든 고충 및 사건/사고들을 일일히 확인 및 해결 할 수 없는 부분도 인지하고 있습니다.단 1가지, 해외 근로자의 경우 휴가, 복귀 , 귀국 항공편이 무기한으로 끈길 경우 (2월 말부터 ~ 현재까지 이어지고 있는 상황), 개개인의 심리적 압박감 및 허망감이 상당한 수준까지 올라갈 가능성이 높아지며, 이로인해 부가적인 피해도 발생 할 수도 있습니다.즉 이를 위해서, 마그레브 국가에서 한국으로 향하는 국제 노선 확보 예상 시기 및 전세기 지원에 대한 방안도 수립이 될 수 있도록 간곡히 부탁 드립니다.현재 저는 마그레브에 위치한 국가들만 언급하였지만, 분명 전 세계적으로 퍼져있는 우리나라 해외근로자들도 분명히 많을 것이라고 간주 합니다. 요즘 같은 힘든 시기를 지키시느라 각자 위치에세 노고가 분명히 많으실겁니다, 고난을 뛰어넘고 곧 밝은 날이 찾아오기를 기원 드립니다. 또한 대한민국에서 Covid-19 바이러스 확산 방지 및 예방을 위해서 매일 매일 땀 흘리시면서 고생 하시는 모든 국민 일원 분들께서 뜨거운 박수를 보내 드립니다. 모두 화이팅 입니다~! 이또한 지나가기를 ~ !",naver
19,사우디아라비아 체류 중인 노동자 입니다.,2020-03-26,2020-04-25,1664,https://www1.president.go.kr/petitions/587214,외교/통일/국방,"국내 계신분들은 잘 모르실 수도 있겠으나, 현재 사우디는 COVID-19 확진자가 점점 증가하고 있습니다.현지 상황은 의료체계 및 진단키드가 넉넉한지는 명확히는 모르겠으나, 대한민국보다는 현저히 뒤떨어지고 모자라는 것으로 사료 됩니다.저는, 사우디 현장에 파견나와 2월 21일 경 국내로 복귀를 해야 했으나 시기가 적절치 못해(사우디 행정명령 : 국제선 및 육료 폐쇄조치) 비행기 결항으로 사랑하는 가족의 품으로 가지 못했습니다.지금은 아내 혼자 아이들을 돌보며, 불확실한 복귀일정을 기다리며 저를 기다리고 있습니다. 금일 국내 언론매체의 뉴스를 보니, 대통령님께서 사우디 왕세자와 COVID-19 관련 의료 시스템 협약을 하기로 전화통화를 하셨다는 뉴스를 보았습니다. 물론 각부처 및 대통령님께서도 간헐적이고 불확실한 상황에 대처 및 대응을 하시느라 고생이 많으시겠지만, 현지 사우디에 계신 한인회 및 노동자분들도 사우디의 불확실한 행정명령을 마냥 기다리며, 가족을 그리워하고 고국을 그리워하고 있습니다.혹, 국적기는 그리 쉽게 보낼 수 없는 것은 알지만 현지에서 한국으로 출국 할 수 있는 경로를 사우디 정부와 협의하여 만들어 주실 수 있는 방안을 모색 해 주셨으면 합니다.",naver
20,"코로나-19, 조기 종식을 위한 2주간 선택적 임시연휴 실시 및 자택 외 이동제한 실시 건의합니다.",2020-03-24,2020-04-23,362,https://www1.president.go.kr/petitions/587090,정치개혁,"코로나-19가 속히 이 땅에서 소멸되기를 간절히 바라는 대한민국 국민입니다.국민들이 적극적으로 코로나-19 감염 방지를 위해 마스크를 착용하고 손씻기 등 열심히 하고 있지만, 여전히 마스크를 쓰지 않고 활동하는 사람도 많습니다. 이대로라면 우리나라에서 언제쯤 코로나-19가 소멸되어, 마음껏 활동할 수 있을까요?*코로나-19: 코로나바이러스감염증-19(COVID-19)의 줄임말봄이 가고 여름이 오면 마스크 착용은 더 어려워집니다. 개학은 4월6일로 예정되어 있으나, 실현가능성은 낮아 보입니다. 개학으로 확진자가 더 발생할 수 있습니다. 이대로는 안 되고, 지금보다 더 강력한 대책이 필요해 보입니다.이 대책은 국민 모두가 동시에 철저히 지켜야만 우리나라에서 코로나-19를 1개월이내에 조기 종식시킬 수 있을 것이라 생각합니다.이 대책은 서양의 크리스마스 연휴처럼 2주간(코로나-19 최대 잠복기) 임시연휴를 실시하고, 그 기간 동안 자택 이외에는 이동제한을 실시하여야 합니다. 2주간의 임시연휴는 법정공휴일을 대신 사용해도 가능합니다.이 기간에 반드시 출근해야 하는 의료진 및 회사의 필수인원, 관련 공무원 등은 근무지나 근무지 인근의 지정된 숙소에서만 생활해야 하며, 외부로 이동시 반드시 마스크를 착용하여야 합니다. 국민들이 2주간 자택에 머무는 동안 코로나-19 의심자만 관련 기관에 연락하여 조치를 받으면 됩니다. 또한, 연휴기간 집에서 푹 쉰다면, 코로나-19 감염자도 면역기능에 의해 치료될 수도 있습니다. 자택 내에만 머물기 때문에 대량의 마스크도 필요 없습니다. 아이돌봄서비스 문제도 해결됩니다.2주간 자택 및 근무지외 이동제한 실시기간을 정하고 실시 전 1주일은 생필품 준비 및 홍보기간, 2주간은 연휴 및 자택외 이동제한 실시, 실시 후 1주일은 최종점검 기간으로 운영하여야 합니다. 이 기간에는 당연히 종교집회 등 일체의 모임이 불가합니다.물론 취약계층에 대해서는 생필품 구입비 지원, 안부확인 전화, 비접촉 방문 도우미 서비스 등의 조치도 필요합니다. 임시연휴기간 출근자에 대한 보상, 연휴로 인한 피해기업 및 자영업자에 대한 선별적 지원도 필요합니다.또한 이동제한 미준수시 고액의 범칙금 부과 등을 사전 고지하고, 항만, 항공 등 입국을 2주간 전면 금지하고, 실시기간 종료 후 입국자는 내외국인을 막론하고 2주간 격리시설에서 지내야 합니다.이 제도는 우리나라만 실시하는 것이 아니라, UN과 공조하여 전 세계가 같은 기간에 동시에 실행(예로, 전 세계 1시간 전기끄기, Earth Hour 운동)한다면 가장 효과가 큽니다. 우리나라만 실시하게 된다면 반드시 입국자는 내외국인을 막론하고 2주간 격리해야 합니다.예)1주일: 3월23일(월)~3월29일(일), 생필품 준비기간 및 홍보기간   2주일: 3월30일(월)~4월5일(일), 임시 연휴 실시 및 자택외 이동제한 실시   1주일: 4월6일(월)~4월12일(일), 점검 기간   4월 중순 경, 한반도 코로나-19 종식우리나라 혹은 전 세계 모든 사람이 함께 힘을 합친다면, 이 땅에서 코로나-19는 조기에 종식되어 예전처럼 자유롭게 활동할 시간이 곧 올 것입니다. 감사합니다. 답변 부탁드립니다.※참고: 전염병 관련하여 이 대책은 성경에서 아이디어를 얻었습니다.이스라엘 민족이 이집트에서 노예생활을 할 때, 이집트 파라오(왕)가 이스라엘 민족을 돌려보내 주지 않아 하나님이 10가지 재앙으로 이집트를 벌 주는 내용이 나옵니다. <출애굽기 12장21절~23절>: 모세가 이스라엘 모든 장로를 불러서 그들에게 이르되 너희는 나가서 너희의 가족대로 어린 양을 택하여 유월절 양으로 잡고 우슬초 묶음을 가져다가 그릇에 담은 피에 적셔서 그 피를 문 인방과 좌우 설주에 뿌리고 아침까지 한 사람도 자기 집 문 밖에 나가지 말라 여호와께서 애굽 사람들에게 재앙을 내리려고 지나가실 때에 문 인방과 좌우 문설주의 피를 보시면 여호와께서 그 문을 넘으시고 멸하는 자에게 너희 집에 들어가서 너희를 치지 못하게 하실 것임이니라 ->종교가 무엇이든, 내외국인 구별없이 누구든지 이 때는 집 밖을 나가지 말아야 함(부득이 외출시 마스크 항시 착용)->성경에서는 하루지만, 우리는 2주일(14일) 적용",naver
21,"covid19 방역의 전환 : 신속진단킷트의 도입, 빠른 격리, 사회적인식전환, 치료제 백신확보",2020-03-20,2020-04-19,586,https://www1.president.go.kr/petitions/586882,보건복지,"어려운 가운데 불철주야 고생하시는 행정부와 지자체 그리고 의료진, 방역진의 노고에 깊이 감사드립니다.독감의 2배 이상의 전파력을 가지고 20~50배 치사율을 가진 covid19.WHO도 이제 전세계적인  pandemic임을 예측하고 있습니다.서울대 오명돈 교수님은 5천만 국민의 40% (2천만)이 감염되고 이중 10% (2백만)이 폐렴이 발생하며 0.1~0.2%(2만) 치사율을 예상하신바 있습니다. 대한민국의 확진자가 급증하고 현재 감소추세인 것은 대구 신천지 교인들에 대한 전수검사가 단기간에 많이 시행되고 결과 발표가 마무리되어 나타나는 현상이지. 국경과 지역을 구분하지 않고 무증상 감염자가 많이 발생하는 코로나 바이러스의 특성상 실제적으로는 확산세가 진정되었다고 볼 수 없습니다. 진정한 전파 감염이 먼저되어야지 검사수 감소에 따른 진정세는 바람직하지 않습니다.현재 코로나의 방역지침은 메르스에 준하여 마련된 것이여서 확진에 시간이 많이 걸리고 기관폐쇄의 강도가 강하여 일반적인 기업활동의 중단과 3차병원 응급실 폐쇄등에 따른 의료공백으로 인한 부작용이 많이 발생하고 있습니다.모든 전염병 방역의 기본은 빠른 진단, 빠른 격리, 빠른 치료, 빠른 백신개발입니다.현재 1만이 안되는 확진자이지만 10만명 확진자가 나오더라도 대응할 수 있는 진단, 격리, 치료 시스템 구축이 필요합니다.A.빠른 진단 : 저렴하고 신속한 선별검사를 위한 신속 진단 킷트의 조속한 허가와 폭넓은 사용을 제안합니다. 현재 확진검사로 이용되는 16만원비용의 RT-PCR은 6시간 이상이 걸리고 집단감염의 가능성이 있을때만 선별적으로 검사가 진행되고 있습니다. 국내외에서 개발한 10분이면 결과 나오는 3~4만원대의 항원항체반응 킷트를 선별검사에 전국적으로 사용하고 RT-PCR은 확진용으로 사용하는 것을 추천합니다. 85~90프로의 정확성이라니 10프로의 위음성 감염자를 놓칠 수 있는 단점은 있으나 더 많은 수를 여러번 빨리 검사가능한 선별검사로서 아래와 같은 장점들이 있습니다. 1.선별진료소에서 즉시 확인이 가능하면 신속한 격리에 도움이 됩니다.  2. 일반 병의원에서 일반 감기증상으로 병원을 내원한 경우에도 검사 및 확인이 바로 가능합니다. 3. 약국이나 편의점 일반 인터넷 판매시 자택에서 자가검사도 가능합니다. 자가검사에서 양성이면 자가격리 및 마스크, 장갑착용하고 가족은 친척집등으로 보내면 가족, 직장, 선별진료소나 병원 전파 차단이 가능하고 스스로 생활치료센터 입소전에 주변에 확산을 최소화하는 노력을 할 수 있습니다. 4. 대형병원에서 모든 입원환자에 신속히 선별검사할 경우 서울백병원 사태같은 3차의료기관의 피해를 최소화할 수 있어 의료전달체계 보호에 효과적일 수 있습니다.  5. 지금 마스크대란이 벌어지는 것도 무증상 감염자가 내 주위에 언제 올지 모르는 불안감 때문입니다. 무증상 감염자를 자발적으로 빨리 진단해내어야 스스로 자가격리를 이끌어낼수 있고 주변의 무증상감염자에 대한 대중의 공포를 줄여야 마스크에 대한 수요도 줄어듭니다.B. 빠른 격리 : 역설적이지만 현재 메르스에 준한 직장이나 시설폐쇄조치는 없어져야 하거나 독감관리 수준으로 최소화되어야 합니다. 지금은 직장폐쇄나 2주간의 자가격리에 대한 두려움때문에 감기 증상이 있어도 해열제를 복용하는 등의 자가요법으로 무증상 감염시기를 지나가고 covid 19 검사를 회피하는 사람들이 상당수 있으리라 유추됩니다. 수출로 먹고사는 대한민국의 특성상 한명의 감염자로 인한 회사, 공장의 폐쇄는 기업에 치명적인 타격을 주며 특히 반도체와 같은 주요 수출물품의 라인 중단은 국가경제위기로 이어질수도 있습니다. 3차 의료기관의 폐쇄는 많은 중환자의 치료가 늦어지는 부작용이 발생하게 됩니다… 산업 생산시설이나 3차 병원 응급실, 병의원을 멈출 필요없이 기관 소독하고 바로 생산과 진료를 볼 수 있도록 하는 것이 바람직합니다. 확진자가 나올 경우 주변 밀접접촉자를 신속검사킷트로 빨리 검사하여 양성자는 자택격리나 생활치료센터, 음성자는 2주간 마스크 착용하면서 작업하고 1주후 재검사를 통해 위음성 양성자를 다시 찾도록 해야 합니다. C. 확진자에 대한 사회적 처우 개선 : 지금처럼 확진자와 그 가족을 죄인취급하고 확진자가 많이 발생한 대구지역민을 비난하는 일부의 풍토를 개선되어야 하고 확진시 사회적 패널치를 독감수준으로 줄여야 자발적으로 많은 신속검사를 진행할 수 있고 그에 따른 무증상감염자의 주변 전파를 막을 수 있습니다. 신천지교인에 대한 검사가 거의 마무리된 대구의 경우 신천지 교인은 40% 일반인은 4%, 경북은 신천지 8%, 일반인 3%의 양성율을 보입니다. 대구 경북을 제외하면 전국통계에서 검사 양성율은 0.3%정도입니다. 아직 전국 신천지 20만의 전수 검체조사는 이루어지지 않고 있습니다..개인적으로 대규모 집단감염을 야기한 신천지를 싫어하지만 그들 개개인 또한 covid19라는 질병의 피해자란 것도 사실입니다. 그들을 포함한 일반 확진자와 가족, 의료진과 가족들 그리고 감염지역 거주자에 대해 기피하는 부정적인 국민들의 인식변화를 대통령께서 말씀해주시고 그들의 아픔을 보듬어 주시는 것이 필요합니다. 이를 통해 확진자에 대해 비판적인 사회적 분위기를 일신하는 것이 향후 발생가능한 많은 무증상 감염된 일반 국민들이 사회적 비난이나 경제적 고립에 대한 두려움없이 신속하게 검사에 응하고 자발적인 자가격리를 신속히 시행하는데 많은 도움이 될 것입니다.D. 빠른 치료 및 치사율 감소: 폭증하는 확진자를 모두 병원입원치료하는 것은 불가능하며 이미 대구에서 하고 있듯이 중증환자위주로 3차 대학병원 입원치료에 집중하는 것이 바람직합니다. 2주간 격리가 필요한 10만명의 확진자가 발생한다고 가정할 경우 무증상이거나 경증 폐렴인 8만명은 자택격리하고 중등도폐렴 5천명은 산소공급기를 구비한 생활치료센터, 중증 5천명은 각 광역시도에 500병상이상의 병원 1개소씩를 현재 국립중앙의료원처럼 코로나전담병원에서 치료하여 국비지원을 통해 병원운영을 보장하고, 나머지 3차의료기관들은 일반질환이나 응급환자들을 볼수 있도록 유지하여야 합니다. 이런 정도의 대비를 미리하고 있다는 비전이 있으면 많은 확진자가 더 발생하더라도 대한민국 국민들이 안심하고 진단받고 치료받으며 공포가 사회를 지배하는 것을 막을 수 있습니다.또한 유력한 치료제 후보들 (redemsivir등)을 생산하는 다국적제약사들과 계약을 통해  최대한 많은 양을 미리 확보하여 도입하고 현재 중증입원환자의 경우 의료보험적용하여 적극적인 사용을 고려해야 합니다. 현재 국내에서 개발중인 항체치료제등에도 많은 국비지원과 신속한 허가를 통해 치료제가 빨리 개발되어 사용될 수 있도록 준비하여야 합니다. F. 빠른 백신 개발 및 접종 : 백신 개발에 돈이 많이 들고 실패 가능성이 높더라도 당장 국산 백신 개발을 시작해야 국민생명을 지키고 막대한 국부유출을 줄일 수 있습니다. 외국 메이저 회사에서 개발하더라도 전지구적인 유행이 시작되는데 대한민국에 먼저 백신을 공급해줄거라고 생각하면 안되니 선계약이 빨리 이루어질 수 있도록 준비하고, 국산 백신 개발과 치료제 개발 및 확보에 천억~조단위의 적극적인 재정 투여와 더불어 백신 및 치료제 연구원들에 대한 방호복이나 마스크 선배정 지원등을 요청드립니다.말씀드린 많은 부분이 아마 질병관리본부를 비롯한 방역대책위에서 논의되고 진행중을 사안일 것입니다만 짧은 지식으로 몇가지 제안드리니 보건의료, 방역, 재정전문가분들을 비롯한 많은 전문가/정부기관들과의 협력과 비전을 가진 행정부를 따르는 전국민의 자발적인 참여 속에 진정한 코로나 방역 성공 신화를 써나가는 대한민국이 되길 희망합니다.",kakao
22,코로나(COVID-19) 사각지대에 걸린 유학생들을 구해주세요.,2020-03-20,2020-04-19,875,https://www1.president.go.kr/petitions/586870,외교/통일/국방,"코로나(COVID-19) 사각지대에 걸린 유학생들을 구해주세요.현재 전세계에 많은 유학생들이 학업을 하고 있습니다. 코로나의 아시아권역 이외의 빠른 확산으로 유럽의 대부분의 국가와 미국 등은 학교, 학원, 그리고 공공기관을 폐쇄하고 있습니다. 그러나 대게 열악한 의료시스템과 자국민 이외를 등외 시 하는 일부 국가들의 대처로 많은 유학생들이 두려움에 떨고 있습니다. 나아가 코로나로 인한 극심한 인종차별로 인해 많은 학생들이 물리적인 폭행을 당하고 있습니다. 심지어는 동양인의 마스크 착용 이유 만으로도 그들은 폭행을 합리화 하고 있습니다. 어떠한 정확한 법적 보호 없이 유학생들은 타국에 남아 있습니다.귀국, 결코 쉬운 일이 아니게 되었습니다.어학원을 다니는 유학생들은 학교의 폐쇄로 제대로 된 학업을 지속 못하며, 대부분의 어학원( 작성자가 거주하고 있는 아일랜드의 경우)은 환불이 불가능함을 통보하고 있습니다. 모든 유학생들이 여유로운 형편이 아닙니다. 자신을 발전하기 위해 노력과 재화의 투자로 어렵게 온 유학생들 또한 많습니다. 환불이 어려워 발이 묶인 유학생들은 고국으로 귀환하지 못하고 코로나와 인종차별의 공포로 격리 중에 있습니다. 그럼에도 무서움을 이기지 못해 모든 노력과 비용을 포기하고 돌아가고 있는 유학생들이 늘어나고 있습니다.그들의 소비자로서, 학업을 하고 있는 학생으로서 부당한 대처로 부터 벗어날 수 있기를 청원합니다.정부의 권고로 학생들이 보호 받을 수 있도록, 유학생들의 어려움에 손을 잡아주기를 청원합니다.",naver
23,요양보호사시험  3월응시 예정대로 실시되어야 합니다,2020-03-16,2020-04-15,773,https://www1.president.go.kr/petitions/586709,보건복지,"저는 경기도 수원에서 요양보호사교육원을 운영하고 있습니다. 굳이 신분을 밝히는 이유는  제 자신에게 떳떳하고 싶고, 아울러 글을 올린 의도에 대한 불필요한 오해의 소지를 없애려 함이며, 한편으로는 우리 기관에 대한 예측할 수 없는 부당한 간섭을 해소하기 위함입니다.한국보건의료인국가시험원(이하 국시원)은 31회 요양보호사 자격시험을 2020년5월23일 실시하며,응시접수를 3월20일~28일 실시한다고 지난 해 12월10일 공지하였습니다. 그런데 국시원의 공지를 신뢰하고 자격시험을 준비하고 있는 전국 6만여명의 응시준비생들을 크게 실망시킬 일이 준비되고 있어 이를 바로잡고자 급히 청원을 올리게 되었습니다. 본 청원이 국민들에게  공개되는 시점에는 이미 실망을 넘어 울분으로 변해있을 수도 있을까 염려되기도 합니다.이유인즉, COVID-19의 지역사회감염을 차단하기 위해 사회적 거리두기 등이 시행되는 와중이고, 시험응시생 대부분이 50세 이상의 중장년층이기에 31회 요양보호사 자격시험을 취소하는 것이 좋겠다는 의견이 전국 17개 시도에서 보건복지부로 접수되어 이를 검토한 결과 취소의견으로 결론이 났다는 소식을 접했기 때문입니다. 자연스레 3월20일부터의 원서접수도 취소위기에 직면한 것입니다.COVID-19로부터 벗어나 일상생활로 돌아가 살고 싶은 일반 국민들은 그나마 하루가 다르게 줄어드는 확진자수를 지켜보며 조바심을 떨쳐내고 있는데, 더구나 중장년의 나이로 요양보호사 자격증을 취득하여 그나마 일할 수 있는 희망을 찾아나서려 하는 마당에 시험을 취소시키는 수순을 밟고 있다는 것이 믿기지 않습니다. 시험일이 3월20일이라면 모를까 앞으로도 두 달여 남은 일정을 벌써부터 취소시킨다는 것을 어떻게 받아들이란 말입니까.아니, 도대체 담당공무원들은 무슨 근거로 그런 의사결정을 내렸을까요?  시험 볼 당사자들의 의견을 들었을까요, 응시생들에게 집합교육을 시키며 어느 누구보다 그분들의 입장을 잘 알고 있을 요양보호사교육원의 의견을 수렴했을까요?아니면 방역대책을 총괄하는 질병관리본부의 자문을 받았을까요?우리 교육원에서 이미 이론교육을 받았음에도 실습을 못했다는 이유만으로 지난 2월22일 실시된 30회 시험에서 배제되었던 분들이며, 앞으로 시험을 보기위해 준비하는 분들이며, 전국에서 요양보호사교육원을 운영하는 분들이 하나같이 예정된 시험을 보기를 원한다고 담당공무원들에게 의사를 전달했음에도 5월시험을 취소시키려는 의사결정의 타당한 근거가 무엇인가요? 코로나19로 인해 지난 1월말부터 실습이 불가능해졌기에 <선시험 후실습>을 적용해 억울한 피해자가 나오지 않도록 해달라는 요구를 줄기차게 했음에도 이 요구가 지금껏 반영되지 못하는 것은 무슨 이유일까요?국시원에서 3월10일 공지한 간호조무사 국가시험 연기와 관련한 문서에서 “ ...해당시험에 합격한 후, 응시일로부터 6개월 이내 (실습)이수하는 경우 간호조무사 자격증 발급가능”이란 문구가 있는데, 왜 요양보호사 국가시험에는 이렇게 유연한 규정적용이 안되는 이유는 무엇일까요? 간호조무사 소관부처와 요양보호사 소관부처가 다르면 <규칙>의 적용도 달라지는 것일까요?두 달여 후에도 시험을 못치를 정도로 코로나19가 해결되지 못할거라는 싸인을 미리부터 알려주는 것이라면 저와 전국의 응시생들은 감사하게 받아들일 것입니다. 내일부터 웃돈얹어라도 마스크를 확보하기 위해 노력할 것이며, 대형마트에 달려가 생필품을 사재기할 고급정보를 흘려주신 것에 보답이라도 해야할까봅니다.요양보호사 자격시험을 주관하는 전국 시도의 관계공무원들과 보건복지부 담당공무원분들이 어떤 착각에 빠졌는지 모르겠으나 요양보호사 자격시험을 준비하는 분들의 사정은 정말 녹록치 못합니다. 우리 사회에서는 아직까지도 요양보호사를 파출부 취급하고 있으며, 심지어 똥기저귀 치우는 험한 일을 하는 직업이라고 폄하하고 있는데 급여는 최저시급에 머물고 있습니다. 사회적 약자를 돌보는 고귀한 일을 수행하고 있는데 말이죠.그럼에도 이 일을 선택하여 생업을 유지해야 하는 분들에게 이 자격증은 매우 요긴합니다.그나마 입에 풀칠하도록 해주니까요.제발 부탁드립니다.이제라도 결정을 달리하시어 5월시험이 예정대로 치러지도록 절차를 밟아주세요. 만약 시험에 임박하였음에도 COVID-19가 염려된다고 질병관리본부가 의견을 제시한다면 당연 그 결정을 받아들입니다. 지난 2월시험에서 배제된 분들이 순응했듯 말입니다. 우리 국민들의 의식수준이 그만큼 성숙되었음을 믿으시기 바랍니다.그리고 줄곧 요구되었던 <선시험 후실습>을 요양보호사 시험에도 적용한다고 즉시 공지하셔서 응시생들의 마음을 안심시켜 주시기 바랍니다.관계자 여러분들이 국민의 눈높이에 다가서길 바라마지 않으며 이만 맺습니다.",kakao
24,[코로나(COVID-19) 인간독감 무료예방 백신! 태풍海水증기 허파꽈리소독 요법]  [문대통령] 비상한 경제시국... 모든 수단 동원해야~  대한민국 과학인 제11298661호,2020-03-16,2020-04-15,125,https://www1.president.go.kr/petitions/586664,보건복지,"[코로나(COVID-19) 인간독감 무료예방 백신! 태풍海水증기 허파꽈리소독 요법] (28. FEB. 2020)[문대통령] 비상한 경제시국... 모든 수단 동원해야~~ 대한민국 과학인 제11298661호 Thomas KWON 입니다.(서론)Worldwide 197나라 정상들에게 경고합니다!조류독감! 돼지독감! 코로나(COVID-19)인간독감! 미래 식량난!세계인 모두가 기후변화에 소극적으로 대응한 인과응보입니다!적극적 기후변화대응 방안은 결론으로 미루고~~ 우선, 전 세계 모든 사람들이 무료 코로나 예방 백신 [태풍海水증기 허파꽈리소독 요법]을 이용할 수 있습니다!(본론)[코로나 예방 백신] 태풍(海水) 증기 호흡기소독 요법1. 매일 호흡기 (폐,기관지,허파꽈리) 까지 [태풍(海水)증기 폐 마사지] 요법으로 소독을 실시합니다!🎭 코로나가 아무리 세다고 해도 소금물(海水)한테는 하찮은 바이러스에 불과 합니다!💢 지구상에 모든 바이러스는 0.9%의 소금물 속에서는 존재할 수 없다는 것은 과학적으로 입증된 사실입니다!      닿는 순간 터져 죽기 때문이지요, 이것이 해변 사람들이 강한 호흡기를 가지고 있는 이유입니다.👫 그러므로 코로나 바이러스를 물리칠 수 있는 최선의 요법은 호흡기관 폐, 기관지, 허파꽈리 까지 염도를 0.9% 이상만 유지 시켜 주면 이보다 더한 바이러스라 해도 100% 박멸입니다2. [방법]1) 전기 커피 폿트에 생수를 반 정도 잡고 소금 한 스푼을 넣고 뚜껑을 열어 둔 채 증기가 발생하도록 계속해서 끓인다! (화재주의~ 물이 모두 증발되면 전기포트가 과열하므로 소금물(海水)의 높이를 주시한다)2) 뚜껑을 열어 둔 채 소금물(海水)을 끓이며 소금증기를 10분간 입으로 빨아드려 깊은 호흡 폐 속 깊숙이 들이마신다!(화상주의~ 소금물(海水) 100℃ 이상 증기이므로 안면 화상주의 50Cm 이상 간격유지, 10분 폐 마사지)3. 하루 수십 차례 반복해서 허파꽈리 소독#. 확진자라 할지라도 허파꽈리까지 [태풍 海水 증기 소독]을 하여 건강하시기 바랍니다! (한 달 이상)한 두어 달만 버티면 코로나는 철저한 소독과 기후변화에 의해 사라집니다. 조류독감 돼지독감이 철저한 소독과 기후변화에 의해 박멸 됐습니다!다음에 또 찾아오겠지만?~ 기후변화에 대응하지 않는 한.....(결론)[UN 20~30 Program]에 의하면 2020년~2030년 까지 10년간 기후변화대응 CO2(에너지 사용량)을 줄이지 않으면 아이들의 미래가 없다고 합니다! (Greta Thunberg; 17세 기후변화대응의 환경운동가)World 정상들은 인류의 미래 보건(예; 코로나 독감), 미래 식량 부족의 원인~ 기후변화에 대응해야만 합니다!(기후변화대응 방안) 국제공인 검증 [태풍융합과학기술] 대통령직속 기후환경회의 국민제안 검토 계류 중![문대통령] 비상한 경제시국... 모든수단 동원해야~~ 문재인 대통령님! 명령만 하시면 40년 준비한 우리 의병들의  과학으로 경제도 살리고 국민 보건도 지킵니다. 나라는 망해도 의병은 죽지 않는다! 말은 멋있는데 안타깝습니다!국정에 참고 하세요! 귀하께서 국정에 참여할 수 있는 기회가 얼마 남지 않았습니다!1. 미세먼지해결 2. 에너지 사용량(Co2 emission) 줄이기를 구체적으로 국민제안 드렸습니다.3. 화석열기관(수송, 발전, 산업) 전 분야 에너지감축=Co2저감 [태풍융합과학기술] 국제공인기관에 2011년도, 2015년도 검증되어 있습니다!현대 산업 전 분야에 [태풍융합과학기술]을 활용하여 전 세계인에게 UN의 탄소배출권으로 무상 지원합니다! [결과 및 효과]대한민국 2,300만대의 수송, ?백기의 화력발전, ?십만 산업 전 분야에 UN의 탄소배출권으로 무상튜닝을 한다면 해마다 400조원의 에너지 감축을 전 국민들에게 복지로 나누어 주며, 대한민국은 해마다 800조원에 상당하는 쾌적한 환경과 국민 건강 증진의 혜택을 누립니다. 일자리 또한 100만 일자리를 확보합니다. [정부주관; GLOBAL 저탄소 혁신공사]를 창설하여 지구촌 현대 산업 전 분야에 적용 가능한 실용 과학입니다! [UN 20~30 Program]에 의한 COP24의 기후변화에 대응합니다. (자신 있습니까? 자신 있습니다!)한마디로 인류를 위한 과학이라고 자부하는 이유는?현대 과학이나 문명이 불을 기반으로 발전한 만큼 미세먼지와 CO2의 생성은 불가피 하였습니다만~ [태풍 융합 과학기술]은 태풍을 기반으로 하는 흐름의 증폭 실용과학으로 현대 산업 전 분야에 잃어버린 열효율 30%를 찾고 CO2를 30% 줄여 기후변화에 대응하며, 미세먼지 해결은 물론 매연 역시 90%이상 완전 연소시켜 국민 건강 증진에 최고입니다.부디 40년 노력한 준비된 과학자의 충언을 가볍게 여기지 마시고 위기가 기회라 했습니다.國士遇之國士報之 [국사우지국사보지]전 국민의 청원으로 우리 국민 과학팀을 국사의 예로 대우해주신다면 지구환경수비대 국민 과학팀도 나라에 걸맞는 행동으로 기후변화에 대응하는 국제공인검증 [태풍융합 과학기술]로 UN의 탄소배출권을 선점하여 국사의 예를 갖추어 금번 코로나를 지혜롭게 정면 돌파하고, 위기의 대한미국 경제와 환경과 국민 건강을 지켜, 선진국 최고의 정상 SUMMIT 위대한 대한민국으로 보답하겠습니다. 하명만 하신다면 답을 갖고 있는 지구환경수비대 과학팀은 명령만 기다립니다. 충성!대한민국 공업진흥청시절부터 공장자동화 기술지도위원 제11298661호 과학자 Thomas KWON 올림~~~~~~~~~~~~~~~~~~~~~~~~~~~~~~~~~~~~~~~~~~~~~~~~~~~~~~~~~~~~~[COVID-19 Human Flu Free! Typhoon (saltwater) steam lung sterilization therapy] (27.FEB. 2020)[President Moon] Unusual economic situation ... all method must  run away mobilize~~This is Thomas KWON, Korean scientist No. 11298661.(Introduction)Warning to the Leaders of the Worldwide 197 Countries!Bird flu! Swine Flu! Corona (COVID-19) Human Flu! Future food shortages!All of the world is a causal contribution that responds passively to climate change!Defer measures to respond to climate change.First of all, free corona prevention [Typhoon (saltwater) steam Lung Sterilization] is available to everyone around the world!(Main subject) [Corona prevention] Typhoon (saltwater) steam respiratory disinfection therapy1. Disinfect the respiratory organs (lungs, bronchi, alveoli) every day with [Typhoon (saltwater) Steam Lung Massage].🎭 No matter how strong the corona is, it's a trivial virus for brine!💢  It is scientifically proven that not all viruses on earth can exist in 0.9% brine! Because it bursts when saltwater touch it, This is why beach people have a strong respiratory tract.👫 Therefore, the best remedy to fight the corona virus is 100% eradication of even more viruses if you maintain more than 0.9% salinity in your lungs, bronchi, alveoli.2. [Method of the Typhoon (saltwater) steam lung sterilization therapy]1) Hold half a bottle of water in an electric coffee pot, add a tablespoon of salt, keep the lid open and continue to boil to produce steam!(Fire caution ~ Watch the height of the saltwater as the electric pot is overheated when all the water evaporates.)2) With the lid open, boil the seawater (saltwater) and suck the salt vapor into your mouth for 10 minutes to breathe deep into your lungs!(Be Carefull ~ Because of Saltwater Steam above 100° C,  keeping a distance of 50 cm or more for facial burns, 10-minute lung massage)3. Please Disinfecting the lungs dozens of times a day#. Even if you are a corona confirmed person, be sure to carry out [Typhoon saltwater disinfection] to your lungs! (More than a month)After a month or two, corona disappears due to thorough disinfection and climate change.The similar example  Bird Flu, Swine Flu has been wiped out by thorough disinfection and climate change!Even if it will come again next time? ~ Unless it responds to climate change .....(Conclusion)According to the [UN 20-30 Program], there will be no children's future unless we reduce CO2 (energy consumption) in response to climate change for 10 years from 2020 to 2030! (Representation; Greta Thunberg, 17-year-old environmentalist in response to climate change)World Leaders must respond to climate change, the cause of human future health (eg corona flu), future food shortages!(Climate Response) International Accreditation Verification [Typhoon Fusion Science&Technology] [President Moon] Unusual economic situation ... all method must  run away mobilize~~  To President Moon Jae-in! If Ordering Just now, we will save the economy and protect public health with our science of patriotic nationals. Even if the country is destroyed, the patriotic nationals do not die! The speech is cool but it's sad!Please refer to the national affairs! You have only a few chances to participate in national affairs!1. Resolved fine dust 2. Suggested national proposal to reduce energy consumption (Co2 emission).3. Energy reduction = Co2 reduction in all areas of fossil heat engines (transportation, power generation, industry) [Typhoon Fusion Science & Technology] Certified by internationally recognized institutions in 2011 and 2015! In all areas of the modern industry, we provide free carbon credits to all of the worlds by utilizing [Typhoon Fusion Science & Technology].Republic of Korea scientist No. 11298661Posted by Thomas KWON",naver
25,문재인 대통령의 퇴진을 강력하게 요구합니다.,2020-03-13,2020-04-12,4693,https://www1.president.go.kr/petitions/586648,정치개혁,"안녕하십니까. 올해 외고에 입학하게 된 대한민국의 한명의 청소년입니다.3년전, 저를 비롯한 수많은 국민은 박근혜 전대통령에게 국정농단사건으로 인해 실망과 배신감을 가지고 저희의 손으로 새로운 대통령을 뽑고자 하였습니다.그렇게하여 지금 문재인 대통령이 당선되었고, 많은 국민들의 지지와 찬사를 안고 자리에 오르셨습니다.저 또한 많은 기대를 했습니다. 그 당시에 저는 단순히 나쁜사람이 내려오고 더 좋은 사람이 올라오니 훨씬 나은 나라를 기대할수 있다는 생각을 했습니다.그러나 저의 기대가 너무 컸던거 같습니다.당장 먼저 지금 외교를 보십시오. 친구 관계에서도 일방적으로 퍼주는 친구관계는 바람직하지 않습니다. 그런데 우리나라를 보면 중국과 북한에 한없이 퍼주고 있습니다.Covid-19 사태이후 우리가 중국에 퍼준것만 얼마입니까? 중국관련 단체의 지원을 제외한 지원금, 지원물품양을 빼도 엄청난 돈과 물품을 정부차원에서, 우리의 혈세로 지원했습니다. 그런데 돌아온것이 무엇입니까? 고맙다 한마디? 저희가 그말 듣자고 저희 국민이 힘들게 번돈 저기다 갖다 바쳐야 합니까?3.1절에는 북한과의 의료 협력을 하고자한다고 말씀하셨습니다. 솔직히 이제 그놈의 북한타령은 안지겹습니까?대통령께선 이전부터 북한에는 돈,쌀,의약품 다 갖다 바쳤죠. 그런데 그런 북한은 지금 뭘하고있죠? 계속하여 그들은 군사용 미사일을 쏘고있고, 우리나라한테 면박을 주고있습니다. 이것이 3년간의 퍼주기식 외교의 성과입니까?세월호 참사때는 7시간동안 뭐했는지 초단위로 발표하라하고, 지금 대통령께선 첫 사망자가 나온날 짜파구리를 드시고 계시지 않았습니까.솔직히 너무 무능하십니다. 외교에 그리 돈을 갖다바쳐서 얻는것도 없고, 그렇다고 저희국민의 삶이 윤택해진것도 아닙니다. 대구 시민분들께선 마스크가 없어서 같은 마스크를 몇일째 쓰고 계시고, 그마저도 저소득층분들께선 못구하는 형편입니다. 택배 시스템은 사실상 마비상태입니다. 의료진분들도 방호복과 N95마스크가 없어서 고통받고 있습니다.중국에 풀 물품들을 대구경북에 풀었으면 대구경북 시민분들이, 의료진분들이 그렇게 힘들어 하셨을까요? 총 감염자가 180명대인 메르스때는 제대로 대응못한 정부가 슈퍼전파자라고 하셨으면서지금 사태는 3월2일 오후 9시 기준으로 23배에 육박하는 감염자가 나왔습니다.물론 Covid-19가 메르스보다 훨씬 강한 전염력을 가진것은 팩트입니다. 이것은 이미 증명된 사실이죠.근데 그렇다면, 그것을 알고 있었다면 확산전에 중국인을 입국금지 시켰어야 한것 아닙니까? 저희가 왜 중국의 고통을 분담한다는 명분으로 이러고 있어야 합니까? 또한 31번 감염자가 어디서 전염되어서 신천지에 전파시킨건지도 제대로 파악 못하면, 그건 이미 방역에 구멍이뚫린거고, 이는 즉 실패 아닙니까? 메르스때 뭘 배웠습니까?신천지도 지금 쓰레기같은 짓을 하고있지만, 정부도 똑같습니다.저희가 왜 방구석에 박혀있어야 합니까? 왜 마음대로 나가지도 못합니까? 그리고 이렇게 저희가 방구석에 쳐박혀있는 와중에도 저희 혈세는 또 중국과 북한으로 나가겠죠.그냥 자리에서 내려오십시오. 자신의 말과 행동에 책임지고 내려오시는게 맞는 선택입니다.",naver
26,코로나19 치료 수액 중 포도당 중독 성분 배제를 긴급 요청합니다,2020-03-10,2020-04-09,138,https://www1.president.go.kr/petitions/586536,보건복지,"2019-nCoV 중앙사고수습본부의 수액 대체 지침 요구'치료 중 포도당 중독성 가미된 수액 배제 단순 생리식염수로 대체'코로나 19 전염이 급속도로 확산하면서 중환자의 사망자 수도 늘어나고 있습니다. 감기 독감은 통상 폐기능이 약한 태음성 체질에 빈발한 현상임은 체질의학적 접근이 아니라도 동의적 시각에서 보편적으로 생각할 수 있습니다.  중의약관리국에서 약재 '청폐배독탕' 을 코로나19(COVID-19) 감염 환자 치료를 위해 전국 의료기관에 추천했다는 기사도 태음성 체질에 대한 대처로 이해하는 참고가 됩니다.  여기서 8체질의학의 관점을 참고하게 되는 것은 시급하게 참조하지 않으면 안될 긴급 사정에 대해서 최소한의 근거를 통한 체질역학적 기본 이해가 전제되어야 하기 때문입니다.저는 8체질 판별만을 전문적으로 관심을 기울이면서 체질의학적 기록과 체질의 깊은 상관성에 유의하고 있습니다. 일찌기 권도원 선생은 도올 김용옥 선생의 부친께서 단순 피로의 동기에서 포도당 주사를 맞기 시작하여  9일 동안 포도당 주사를 계속하다 병원에서 포기하고 사망의 단계까지 이른 것을 포도당 주사를 제거하고 해독하여 회생시킨 일을 도올 서원 강연과 기타 여러 차례 강의를 통해 증언한 바 있습니다.  그리고 이 사실은 8체질의학을 전공하는 한의사나 관심을 갖고 연구하는 이들에게 자명한 체질생리로써 인정하는 상식이 되고 있습니다. 이러한 사실은 저로서도 일찌기 포도당 주사와 항생제를 맞다가 실신상태에 까지 놓였고 평형기관을 상실하는 지경까지 경험한 체질로서 포도당의 중독증에 대해 누구보다 절감하고 있습니다.사상체질 간대폐소의 태음인, 8체질로 木>火>土>水>金 장부배열구조의 목음체질 그리고  木>水>火>土>金의 배열 목양체질은 폐기능이 약하여 호흡기 질병에 취약합니다. 이번  코로나19 감염자들도 대부분이 폐가 아닌 간으로 귀경되는 포도당에 생리 면역기능이 교란되어 급격하게 악화되는 취약한 체질들로 관찰되는 것을 깊은 개연성으로 동의하지 않을 수 없습니다. 이러한 내용에 입각하여 일반적인 의료계의 처치에 대해 자문하면서 수액에는 대부분 저농도의 포도당이 포함되는 경우가 많다는 사실을 듣게 됩니다.  적은 농도라도 먹는 것이 아니라 혈관에 직접 주사하는 경우는 감기 환자들에게는 점점 면역력이 저하되고 혼수 상태에 진입하는 경과를 분명하게 예상하지 않을 수 없습니다. 불행하게도 체질의학에 대한 인식이 확대되지 않아 이를 지나쳐 듣는 경우가 대부분인 상황에서 안타까움만 갖고 있었지만 문득 신문고를 통해서라도 전달하지 않을 수 없다는 생각으로 나서 문을 두드리게 됩니다.물론 환자들이나 확진자 중에는 취약한 태음성 체질 외에도 가족이나 배우자 등 감염원의 접촉으로 인한 비증상 확진 환자들까지 나올 수 있고 일부 포도당이 유익한 체질들에게 이러한 위험한 경향성을 일관성 있게 확인할 수 없는 경과도 동반될 수 있습니다. 일관된 결과를 도출하지 못하여 과학적 의료계로서 인정하지 못하게 됩니다만, 그 피해를 직접적으로 겪어야 할 대부분의 간대폐소의 태음인들은 원인도 모른 채 독감으로 혼절하는 예상치 못하는 경과로부터 사망으로까지 이어질 수 있다는 사실을 우선 고려하지 않을 수 없습니다. 포도당이 든 수액을 일괄 제외하고 생리식염수 급 만으로 대체하도록 2019-nCoV 중앙사고수습본부 차원의 지침이 마련되지 않으면 이러한 진행과정을 되돌리는 것은 불가능하다고 생각됩니다. 포도당 수액을 배제하는 것은 치료에 결코 저해가 되지 않을 것이며, 대체의 효과는 매우 크기 때문에 의료계 차원의 전반적 이해의 시간 이전에라도 8체질의학계의 자문을 귀 기울여 시급하게 조치되어야 할 것으로 청하게 됩니다. ' 2019-nCoV 중앙사고수습본부 차원에서 태음인이 주류가 되는 코로나 19 환자의 치료 중 포도당 중독성이 가미되는 수액을 배제하고 단순 생리식염수로 대체할 수 있도록 우선 지침을 마련해 주시기를 청원합니다.'참고권도원 도올서원 강연 '포도당 중독' 참고 (도올 선생 부친의 사례 포함)'세계8체질자연치유협회'(2013.7.28) 게시글https://cafe.naver.com/ecmnaturopathy/22포도당 주사액 중독쇼크 사례자료들 (목체질 태음인 위험성)https://duckjiny.blog.me/221328566561중의약관리국, 21가지 약재 '청폐배독탕' 전국 의료기관에 추천오피니언뉴스 2020.02.17https://www.opinionnews.co.kr/news/articleView.html?idxno=29484",naver
27,패션 마스크까지 수출 금지는 부당합니다,2020-03-09,2020-04-08,914,https://www1.president.go.kr/petitions/586456,행정,"저희 회사(팩컴코리아 주식회사) 는 인쇄물을 주력 상품으로 전 세계에 대한민국 인쇄물을 매년 $2000만불이상을 수출하고 있는 제조및 무역  중소기업입니다.  상업인쇄물 수출분야에서는 지난 20년간 독보적인 위치를 차지하고 있고 그 공로로 대통령표창, 도지사표창, 산자부장관 표창을 비롯하여 대한민국 인쇄문화를 세계에 창달한 공로로 문화포장을 수훈하기도 한 건실한 기업체입니다. 그러나, 주지하시는 바와 같이 인쇄물은 인터넷의 발달로 인하여 그 수요가 급격하게 줄어들고 있는 추세이고, 중국이라는 제조업의 초강자가 무차별적으로 세계시장을 석권해가고 있는 상황입니다.  그러한 와중에도 제희 회사는 굳건하게 제자리를 지키며 치열하게 이들 도전을 헤쳐나가며 세계 인쇄 종주국인 대한민국의 그래픽산업의 대표주자로서의 위상을 지켜나가고 성장을 멈추지 않고 있습니다.  그럼에도 불구하고 2백여명의 직원을 고용하고 있는 기업으로서 시장의 위협에 노출되어 있기 때문에 이에 대응하여 생존하고 성장하기 위해 늘 새로운 기술개발과 신제품을 개발하는 노력을 경주하고 있습니다.  그런 노력의 일환으로 8년전 1992년 오랜 미국의 비즈니스 파트너 회사인  Ohlone Press 의 “고기능성 패션마스크” 를 개발을 도와 그 회사 브랜드인 VOGMASK의 독점적 제조원의 지위를 확보, 국내 수개의 업체의 가공과정을 거쳐 완제품을 생산 수출하는 OEM 제조업체로서 역할을 해오고 있습니다.  인쇄물에 이어 안정적인 새로운 수출상품을 개발한 셈입니다.  저희가 주문받아 생산하는 마스크는 고객인 OHLONE PRESS의 주문에 의해서만 생산되는 패션 기능성 브랜드 마스크 Vogmask 로써 모든 판매의 권한이 OHLONE PRESS에 귀속되어 있고 우리가 시장판매를 위해 임의로 제작해 판매하는 제품이 아닙니다. 즉, 소유권이 해외고객에 있는 제품이며, 저희는 주문을 받아 독점적으로 제품을 생산하는 제조원일 뿐입니다. 참고로 고객의 웹사이트를 관련 링크에 연결합니다.또한 이 제품은 물론 미세먼지도 차단이 되는 건강기능성도 있지만 현지에서 개당 $33 ~ $44 에 판매되는 세련된 디자인의 고급 패션제품에 가까운 (스카프나 옷같은 개념) 제품으로 이번 마스크대란 사태와 관련이 전혀없는 제품입니다. 참고로, 과거 8년 동안의 본 제품의 수출실적은 대략 $460만불에 달하며 그 세부내역은 다음과 같습니다. 2012: $93,7102013: $364,0002014: $840,6192015: $198,9082016: $817,2462017: 1,329,8552018: $363,3792019: $581,786그러나, 금번 불행히도 COVID 19 코로나 바이러스 사태가 발생하여 국가적으로 심대한 위기에 처함으로서 국내의 모든 마스크의 해외수출이 금지되는 상황에 이르게 된 것은 심히 안타까운 현실입니다.  국민의 건강을 보호한다는 취지에서 내린 어쩔수 없는 정부조치라는 것도 충분히 이해가 되는 바입니다.  그렇지만, 국가는 국민의 건강을 보호해야하는 책임도 있지만 국민의 재산과 국민이 주인인 기업의 건전한 사업권의 보호도 포기해서는 안되는 중요한 책임이라고 생각합니다.  저희 회사는 이번 무조건적 금수조치로 인해 일반 위생마스크가 아님에도 불구하고 마스크라는 이유로 금수조치를 당해 막대한 손실과, 고객클레임, 그리고 고객을  잃게될 위험에 놓여져 있습니다.  그리고, 무엇보다 중요한 사실은 이 제품은 이미 OEM생산대금을 다 수령한 것으로 고객의 소유이지 저희 소유가 아닙니다.  국가라는 이유로 타당한 이유도 없이 자국민의 사업을 방해해 손실을 끼칠수는 없는 것이며, 타국민의 재산권의 행사를 방해해서는 안될 것이라고 봅니다.  고객인 OHLONE PRESS 또한 이미 주문 받은 제품의 판매를 하지 못하게 됨으로서 심대한 손실이 예상되며, 이는 저희 회사에또는, 대한민국에 그 영업손실에 대한 변제책임책임으로 돌아와 국제적 소송의 대상이 될 수 있지 않을까 염려됩니다. 지난 1월부터 이번 코로나 바이러스로 인하여 수량이 평소보다 많이 늘었고 납기도 단축해달라는 요청이 있어서 지급으로 제작하여 출고를 하려고 하는 상황이었는데 이번 마스크 전면 수출 금지 조치로 현재 고객과 저희 회사는 심각한 상태에 있음을 다시 한번 헤아려주시기 바랍니다. 다시 한번 일반 위생마스크가 아닌 저희 VOGMASK제품의 수출금지를 해제해주시길 강력히 청원하오며, 상황에 따른 유연한 금수조치를 취해주실것을 건의드립니다.대한 민국 국민의 한 사람으로서 코로나 19 바이러스가 정말 빠른 시간에 퇴치 될 수 있도록 기원하면서 저희 회사가 할 수 있는 모든 지원도 할 것입니다. 어려운 상황에서도 국민 하나하나의 어려움을 헤아려서 난국을 지혜롭게 극복하시고 국민만을 생각했던 국민의 지도자로 기억되기를 바랍니다.2020년 3월 5일대표이사 김경수팩컴 코리아 (주)경기도 군포시 **로 **번길 *-**전화 031-***-**** [본 게시물의 일부 내용이 국민 청원 요건에 위배되어 관리자에 의해 수정되었습니다]",naver
28,유‧초‧중‧고 개학연기에 따른 전국적인 학사일정 조정을 부탁드립니다.,2020-03-09,2020-04-08,774,https://www1.president.go.kr/petitions/586415,육아/교육,"안녕하세요. 저는 현재 중학교 3학년에 진학예정인 한 학생입니다. 현재 코로나 19 (코로나바이러스감염증-19 COVID-19)의 상황이 심각해짐에 따라 전국의 유‧초‧중‧고의 개학연기가 되었습니다. 이에 따른 전국적인 학사일정 조정을 부탁드리기 위해 이렇게 국민청원을 올리게 되었습니다. 현재 코로나 19의 여파로 현재 3월 2일에 예정되어 있던 전국의 유‧초‧중‧고의 개학이 3월 23일(일부 지역 상이)로 연기되었습니다. 저는 개학이 연기되었음에도 기존의 학사일정이 그대로 진행하는 것은 학생들에게 무리한 일정이라고 생각합니다. 기존의 학사일정은 개학연기를 고려하지 않고 작성된 것으로 개학이 3월 23일로 연기된 현 상황에서는 적합하지 않습니다. 만약 기존의 학사일정대로 2020학년도 교육을 강행한다면 1년 내내 기존의 학사일정으로 인한 피해가 고스란히 학생들에게 돌아가는 상황을 초래할 수 있습니다. 초‧중‧고 학생들의 경우 수업 진도와 1, 2학기중에 있는 각종 평가(수행평가, 중간고사, 기말고사 등)의 진행에 차질이 발생될 수 있으며 여름방학, 겨울방학이 단축될 경우 방학동안의 학생들의 충분한 자기개발 시간을 가지지 못할 것입니다. 이러한 상황이 계속될 경우 학생들이 기존 학사일정으로 인한 큰 부담감과 과도한 학업 스트레스를 받을 것입니다.교육부에서 2020. 2. 4에 발표한 설명자료의 학사일정이 가능한 학교와 판단기준(첨부링크 1)에 따르면 학사일정 조정이 가능한 학교를 “신종코로나바이러스감염증 확진자가 발생한 지역의 학교” “2‧3차 감염 지역 및 능동감시 대상자가 발생한 지역의 학교” “해당 학교에 최근 중국에서 입국한 학생이나 중국 학생이 다수 재학 (예: 전체의 30%이상)하는 경우” “확진자의 이동 동선에 따라 지역 감염이 우려되는 경우”로 제한하고 있습니다. 이를 전국적인 학사일정 조정으로 확대함으로써 위의 조건에 해당되지 않는 학교에 재학중인 학생들의 경우에도 현 학사일정으로 인한 큰 부담감과 과도한 학업 스트레스 유발을 미연에 방지해야 합니다. 또한 학사일정 조정 방안은 현재 개학연기로 인하려 피해를 보는 학생들을 최우선적으로 고려한 방안이 나와야 된다고 생각합니다. 이에 청원합니다.현 코로나 19로 인한 개학연기에 따른 2020학년도 학사일정을 전국적으로 조정해주시기 바랍니다.마지막으로 코로나 19로 인하여 수고하시는 전국 각지의 정부 관계자 및 의료진분들께 감사드리며 하루빨리 코로나 19가 마무리되길 바랍니다. 감사합니다.",facebook
29,단체 모임 및 예배 방지책 (covid-19확산방지),2020-03-05,2020-04-04,230,https://www1.president.go.kr/petitions/586330,보건복지,"현황 및 문제점수원 위치한 생명샘 교회는 23일날 예배를 본 후 확진자가  계속 발생하고 있습니다. 지역감염의 시작으로 생각됩니다. 그리고 권선구에 위치한 대형교회는 이번주에 예배를 진행한다고 합니다. 이런 대형교회나 단체가 모일 수 있는 부분을 선예방 할 수는 없을까요?? 분명 이들도 경기도에서 누가 어떻게 확진이 되었는지 어떻게 covid-19이 확산되어가고 있는지 알 수 있다고 생각합니다. 확진자가 생기고 난 다음의 수습에 너무나도 씁쓸합니다. 각 시민들의 자발적인 참여 온도 차가 너무나도 크고 covid-19 확산을 막기에는 모자른 부분이 너무도 많은 것 같습니다. 해서 확진자 수를 줄이기 위해 시민 한분한분의 자발적 위생 및 격리도 좋지만 지방자치단체들의 힘이 필요하다 생각됩니다.개선방안시, 도, 군,구 지방자치에서 팀을 만들어서 단체모임 및 예배를 진행하는 곳을 관리하고 모임방지예방을 했으면 합니다. 경기도에 거주하고 있는 한 사람으로서 어느 교회에서 현재 예배를 강행하는지 정말 궁금하고 또 다른 집단감염이 생길지 불안합니다.모든 교회 및 단체를 조사해서 (주민들의 제보를 바탕으로)예배 및 모임을 진행하는 리스트를 전체적으로 공개하고 시민들이 예배 및 모임 금지요청을 할 수 있도록 동의 여부를 선택하게끔 하여 얼마나 많은 시민들이 모임 금지 요청을 하는지 단체의 장들이 알 수 있게 하는 것도 모임 확산방지에 좋은 방법이라 생각합니다. 그리고 어느정도의 일정 인원이 모이면 지방자치에서 예방방지책으로 먼저 교회나 단체수장분들에게 일일이 연락하고 관리하며 현상황에 대해 인지시킨 후 모임 강행 시에는 후에 발생한 부분에 대해 사회적책임 및 패널티를 줍니다. 그에 대한 정보나 인원이 모자르다면 지방자치에서 시민들의 자발적인 참여를 광고를 통해 시민들을 모집하고 참여할 수 있는 구심점이라도 만들어주었으면 합니다. 기대효과단체모임을 진행하는 단체의 정보를 수집한다면 집단감염 발생지를 먼저 예상 할 수 있습니다. 단체의 정보 (단체명, 지역, 인원 수)등을 알 수 있어 시민들의 자발적인 격리를 이끌어 낼 수 있다. 단체모임을 강행하는 단체의 정보를 공개함으로서 모임 참여도를 낮출 수 있다. 모임금지 인원수가 해당 지역의 거주주민들의 수에 일정부분 만족하면 모임금지를 요청 할 수 있다.",facebook
30,보건용 마스크 수입관세 한시적 유예 건의,2020-03-04,2020-04-03,155,https://www1.president.go.kr/petitions/586256,보건복지,"코로나 19(COVID-19) 환자 증가와 지역전파로 인해 보건용 마스크 수요가 폭증하고 있으며, 관세청은 보건용 마스크의 반출을 통제하고 있습니다. 현재 보건용 마스크 도매상들이 소매상들에게 공급하는 물량을 조절한다는 얘기가 있습니다. 이럴때 개인들이 직구를 통해 해외 마스크를 보다 싸게 들여오면 도매상들도 더이상 물량 제한을 통한 고가격 유지가 어려워집니다. 상품 판매용과 개인 직구를 포함하여 보건용 마스크 수입시 관세를 한시적으로 면제하면 국내에 공급되는 보건용 마스크 수량을 증가시킴과 동시에 가격 안정화에 도움을 줄 수 있습니다. 코로나 19 지역전파가 시작된 상황을 고려할 때 재빠른 보건용 마스크에 대한 수입관세 한시적 유예를 청원합니다.",naver
31,코로나로인한 학교수업을 사이버수업(혹은 온라인화상수업)으로 대처할것을 청원합니다,2020-03-03,2020-04-02,535,https://www1.president.go.kr/petitions/586187,육아/교육,"안녕하세요 저희는 현재 경북.대구지역에 거주하는 예비 고3입니다.다름이아니라 저희 학교는 담주 3월 16일에 개학을 한다고 하니 아직 오늘도 확진자가 나온 저희 지역에선 너무 불안한 마음에 청원을 올립니다. 이제 수험생인 저희들은 건강관리도 중요한데 아직 잠잠하지도 않은 상황에 등교하기가 거북합니다. 미국의 한 연구가는 코로나바이러스가 이대로라면 세계사람가운데 70%를 감염시킬 수 있다고 밝힌 바 있습니다. 지금 코로나 슈퍼 확진자의 발원지인 신천지 교인들 위주로 진단을 하였지만 일반 확진자들도 진단을 한다면 이는 아직 더 속속히 나올 것으로 파악됩니다. 하여 저희는 언제까지고 개학일을 계속 미루는 방식보다는 확실하게 이 상황이 장기간 계속될 것임을 인지하고 보다 실용적인 방안을 모색해야한다 생각하여 고민 끝에 학교수업을 온라인 화상수업으로 대체할 것을 건의하고자 합니다. 현 상황에 대한 문제점과 화상수업의 장점과 기대효과를 말씀드릴테니 조금 길더라도 양해부탁드립니다!1.현재 다른지역에 비해 코로나 감염 확산이 빠른 대구지역은 개학일이 23일로 연기되었습니다. 대구지역은 출석 일수가 다른 지역에 비해 적어 얼마나 갈지도 모르는 상황인데 대구 학생들에게만 교육의 기회가 적은 불평등한 사례를 겪고 있습니다. 아직 확실한 대처방안이 없어 개학일을 늘리고 있기는 하나 이는 임시방편입니다. 2. 전국에 있는 학생들이 모이는 학교같은 경우는 지역마다 다른 개학일도 효과가 없습니다. 한 경우를 예시로 드리겠습니다. 제 친구는 울산에 모 고등학교를다니는데 기숙사 생활을 하는 친구입니다. 학교의 위치는 울산이지만 울산에도 확진자가 있을뿐더러, 대구에서 온 학생들이 많은데 그 학생들이 모두 울산 모고등학교에 기숙사생활을 한다고들었습니다. 이렇게 대구지역학생중 타지역 기숙사생활을하면서 같은방쓰는 애들은 물론이고 다른데 전국애들이모인학교에까지 옮기면 전국적으로 확산이 빨라질 것입니다.3.전국 초.중.고에 마스크를 공급한다고는 하나 거의 모든 초.중.고 특성상 전교생이 밀집된 급식실에서 밥을 마주보며 먹습니다. 학교 내에서 제일 감염되기 쉬운 장소가 급식실일텐데 마스크만 낀다고 상황이 달라지지 않습니다.4.한 명이 감염되면 관계된 사람에게 제일 잘 퍼트릴 수 있는 곳이 학교라 생각합니다. 학교는 한 반에 여러명이 밀집된 장소라 감염 가능성이 좀 높습니다. [EX)학교 내 한명 감염-급식실에서 감염-학생가족 감염-가족 직장 감염-GAME OVER] COVID-19특성상 잠복기도 길고 전염성이 높아 언제 감염될지 모르는 상황에서 학교를 가라는 것은 위기상황을 더 앞당기는 짓입니다. 현재 자가 격리 진단을 받은 사람들도 몰래 돌아다니다 확진자 판명을 받는 시국에 누구하나 믿기도 어려운 상황입니다. 이 코로나 바이러스가 연기된 개학일 내로 잡히기는 매우 힘들 것 같습니다. 비유를 하자면 바이러스는 꼭 도미노같습니다. 도미노 한방에 우르르 넘어지듯이 바이러스도 한명의 확진자가 같은반,동급생,전교생한테까지 감염시키는 슈퍼확진자가 발생할 수 있기 때문입니다.5. ’타미플루‘란 치료제가 있던 신종플루와는 달리 신종코로나바이러스는 진단키트는 발명되었으나 아직 백신이 개발되지 않았다고 알려져있습니다. 이런 치료제도 없는 강력한 바이러스를 안전한 대방책도 없이 노출시키는 것을 피하고 싶습니다. 지금 학교를 가라고 하는 것은 중국인들 입국 허용해놓고 바이러스 퍼지고 나서 입국 금지하는 것과 같은 이치라고 생각합니다. 때문에 개학일을 미루는 방책만으로는 현 상황을 타파하기 힘드니 화상수업을 전면 검토해줄 것을 건의드립니다.6. 사교육을 받지않는 학생의 경우 코로나 확진을받고 학교를 며칠 빠져버릴 경우, 학교진도를 놓쳐버리게되는데 특히 고등학교수업의경우엔 학교진도를 따라가기가 힘들어집니다. 그러나 모든 학생들이 집에서 화상수업을한다면 코로나에 걸리지 않은학생들은 감염예방을 할 수 있고 코로나확진자학생의 경우 가정에서 자가격리도하면서 수업도 들을 수 있다는 장점이 있습니다.7. 코로나19확산으로 인해 지금 일부 대학에서는 화상수업으로 수업일수를 채우는 방식을 적용하였다 합니다, 이미 일부 학원도 유튜브 강의 혹은 화상수업으로 전환하는 등 코로나에 대비해 발 빠르게 교육방법을 바꿔나가고 있는 추세입니다. 일부만 이런 방법을 쓸게 아니라 모든 학교에 그런 방법을 활용해보는 것이 낫지 않을까요? 화상수업을 통한 수업이 이렇게 개학일만 미루는 방안보다는 당분간 수업도하고 자택에서 할 수 있어서 가장 현실적인 최선책이라 생각합니다. 그러나 일부 사람들의 화상 수업이 학교 수업에 비해 관리가 덜 하다는 의견도 있을 겁니다. 특히 고3이 핀치겠죠. 하지만 현재 코로나 확산이 진정되지 않은 상황에서 학교 수업을 하는 것보다는 안전이 보장되는 집중할 환경에서 하는 것이 맞다고 생각합니다. 8. 현재 KF80이상의 방역마스크를 구하지 못한 사람이 많다고 합니다. 방역마스크를 정부에서 1인 5매씩 공급한다지만 없는 사람들은 일반마스크로 거리를 활보하고 있습니다. 학교에서 공급받기 전에 잠복기가 되면 공공장소에서 퍼지는건  순식간입니다. 제발 퍼지기 전에 미리 예방합시다.위의 8가지 이유로 저희는 이렇게 개학일만 미루는 방안보다는 자택에서 공부도 하고 코로나도 예방할 수 있는 학교수업을 화상수업으로 대체하는 것을 청원합니다. 저희는 국민의 교육도 중요하지만 국가의 경제유지랑 국민의 질병예방, 건강이 최우선이라고 생각합니다. 두가지 다 충족하는 방안으로는 학교에 나가지 못하는 대신, 사이버화상 수업을 하는것도 적절한 방안이라고 생각됩니다.",naver
32,중국인 전면입국금지를 반대합니다,2020-03-02,2020-04-01,410,https://www1.president.go.kr/petitions/585997,보건복지,"COVID19 사태로 온국민이 어려움을 겪는중에 이를 극복하기위해 불철주야 고생하시는 대통령님과 관계부처 직원여러분께 깊은 감사의 마음을 전합니다.일부 몰지각한 야당에서 중국인의 전면 입국금지를 주장하며 국가의 위기상황을 정치쟁점화하며 그들의 정치적 이익을 위해 국민을 호도하는 모습을 보며 청원글 올립니다.중국에는 수십만명의 한국인 교민이 상주하며 생업에 종사하고있고 수시로 고국을 드나들며 업무를 이어가고있습니다. 중국인을 입국금지시킨다고 한국인까지 입국을 금지시킬 수는 없을터, 도대체 무엇을 위해 이런 황당한 주장을 하는지 이해가 되지 않습니다. 중국에서 한국인의 입국을 금지시키면 정말 커다란 정치 경제적 문제가 생길 것은 명약관화일터인데요. 저는 지난 2004년 부터 10년간 중국에서 일했고 지금은 6년째 말레이시아에서 일하고 있습니다. 오늘 말레이시아 정부에서는 대구와 청도를 지난 14일간에 방문했던 사람의 입국을 금지시켰습니다. 하루에도 수백명의 확진자가 발생하는 국가로부터의 입국도 이렇게 선별적으로 하고 있는데 아무 생각없이 전면 입국금지를 끊임없이 주장하는것은 참 황당합니다. 대통령님께서는 이런 황당한 주장은 무시하시고 검역과 확진자의 치료에 매진하셔서 우리의 생각이 옳았다는 것을 증명해 주시기 바랍니다.부디 건강하십시요.",kakao
33,신천지 명단 확보를 위해 검찰의 압수수색을 청구합니다.,2020-03-02,2020-04-01,1116,https://www1.president.go.kr/petitions/585989,기타,"신천지는 기독교를 모방한 邪敎 집단으로 금번 COVID-19 바이러스감염증을 대구지역에 확신 시키는 주범이 된 집단입니다. 신천지는 교회(예수 그리스도의 핏 값으로 세우신) 가 아닌 邪敎 집단이기 때문입니다. 근거는 교회인 척하지만 교회가 아니기 때문입니다. 신천지는 이**씨를 총회장이라 하지만 실제는 교주로 존재하기 때문입니다.이뿐 아니라 신천지는 총회장이며 교주인 이**를 보혜사, 이긴 자, 구원자라고 주장하는 단체입니다. 이들은 비유풀이 방식의 성경공부로 정통교회 성도들을 미혹한 후에 요한계시록 공부를 통해 정통교회 성도들이 가지고 있는 성경관과 구원관을 파괴하여 이** 씨를 재림주로 믿게 만들어 버리며 정통교회는 구원이 없는 ‘바벨론’이고, 신천지에만 구원이 있다고 보기 때문에 정통교회를 자신들이 포교 할 추수으로 여겨서 훈련된 추수꾼(위장교인)을 잠입시켜 성도들을 미혹하여 빼내어 가고 있는 것입니다.신천지는 자신들의 정체성을 감추기 위해 사회봉사 단체를 운영하며 포교 활동을 합니다. 양의 탈을 쓴 이리가 분명합니다. 금번 COVID-19 사태에서 저들의 본성이 들어 났습니다. 그래서 저는 청와대에 신천지 압수수색을 통해 신천지의 구성원의 명단을 확보 할 것을 청원하게 되었습니다. COVID-19 방역을 위해 신천지인들의 명단을 화보 하는 것이 최 우선인데 저들은 자신들을 감추는데 급급하므로 검찰을 통한 압수수색을 통해 명단을 학보 해야만 하기 때문입니다. 속히 이루어 지길 소망합니다. [본 게시물의 일부 내용이 국민 청원 요건에 위배되어 관리자에 의해 수정되었습니다]",naver
34,마스크 공급체계를 새롭게!,2020-03-02,2020-04-01,384,https://www1.president.go.kr/petitions/585978,보건복지,"코로나19 사태에 늦었지만 정부가 마스크공급을 위해 나선 것에 박수를 보냅니다.철저한 준비없이 섣부른 발표로 국민들에게 혼란을 야기하고, 부총리가 사과를 하는 어처구니 없는 일도 벌어져 안타깝습니다.오늘 우체국에 택배 발송을 위해 갔더니 평소 한가했던 우체국 주변이 차량으로 혼잡하기 이를데 없었습니다. 우체국에 들어서니 뒷문 쪽으로 마스크를 사려는 사람들이 장사진을 치고 있었습니다. 심지어 제가 아는 한 집의 초등학생.유치원생 아이들 4명이 마스크를 사기 위해 줄을 서기도 하였습니다. 이 아이들에게는 씻지 못할 경험이 될 것이라 생각됩니다. 그리고 대부분 마스크를 쓰고 줄을 서기는 했지만 많은 사람들이 다닥다닥 줄을 서고, 아는 사람들끼리 이야기를 하고 있어서 누가 COVID-19 바이러스 보균자인지 모르고, 코로나19 때문에 뉴스의 초점에서 사라졌지만 A형독감, 일반독감 등의 바이러스 감염의 위험에 노출되고 있습니다.농협하나로마트에 가니 마스크를 사려는 분들이 직원에게 연이어 질문을 하자, 직원은 언제 판매가 시작될 지 모른다는 답변만을 계속 하는데, 직원의 얼굴과 목소리에는 피로감이넘쳐났습니다.마스크공급체계를 바꾸기를 청원합니다.정부가 예비비나 특별재원으로 마스크를 전량구매하여 전국 우체국으로 분배를 하고,우체국택배기사가 통.반장에게 전달하여 통반장이 국민들에게 전달한다면 이런 혼란과 바이러스 감염 우려를 현저히 줄일 수 있을 것입니다.우체국의 업무가 가중되어 어려운 상황이라면인구수 대비 지자체별로 마스크를 공급하고,  지자체에서 통반장에게 전달, 국민들의 손에 닿게 할 수도 있을 것입니다.이번 코로나19사태가 하루 이틀에 끝날 상황이 아니고, 앞으로도 이런 재난이 일어날 때를 대비하여 이번에 유사시 비상물품 공급체계를 갖출 것을 촉구합니다.",facebook
35,비상상황시 마스크 지급방법에 대한 제안,2020-03-02,2020-04-01,476,https://www1.president.go.kr/petitions/585948,보건복지,"경북의 시민입니다.한달여 동안 COVID 19(코로나 19)로 인하여마스크는 최소한의 기본 예방법입니다.지역에서는 기본적인 마스크, 손소독제 등에 대하여국민 개인이 오프라인 또는 온라인 쇼핑몰을 통하여 구매하였습니다.일상적인 상황에서는 당연한 일이 맞습니다.그러나 지금 현재(2/27일) 약 1595명이 확진자에 있고, 많은 국민이 추가로 예상이 되고 있는 상황인데정부의 마스크 공급 방식에 여러가지 우려가 있는 것이 현실입니다.이에 현 문제점과 지급방식을 제안합니다.현 공급방식의 문제점1. 오프라인 공급처 : 절차에 따른 계획없이 매일 바뀌고 있다.     1) 일선의 행정실무자를 통해 방식을 묻고 실행해야 하는데 장관들은 자격이 없다고 생각합니다.          * 이유 1 : 장관님들의 생활방식에서 일선국민의 고충을 겪어 보신분들이 없기 때문입니다.          * 이유 2 : 부하 직원들로부터 보고만 받고 또 보고만 드릴 수 있기 때문에 현장감이 있을 수 없으며 당연합니다.2. 오프라인 공급의 문제      1) 선착순 줄서기로 직장인은 구할 수 없다.     2) 지금은 집회를 금지해야 하는데 오히려 집회를 하게 만들고 있다.     3) 어떤 방식으로 해도 제한 공급이 불가능하며, 모두가 수급하는것은 일어나지 않는다.     4) 많은 행정력(행정비용)이 불평등한 곳으로 낭비되고 실효가 없다.지급방식의 제안1. 대한민국의 모든국민은 세금을 납부하고 있으며, 국가로 부터 보호를 받아야 한다.2. 지역의 일선 행정기관을 이용하여 빠른시간내 국민의 불안을 해소하여야 한다.    1) 도 시 구 군 읍 면 동 통 아파트  이렇게 세분화 되어 조직이 되어 있다.    2) 일반 주택은 통장, 아파트는 관리실(동대표)을 통한 배분 직접 배분되어야 한다.     3) 많은 행정력이 순식간에 동원될 수 있으며 이미 짜여져 있는 실무 행정이다.3. 조달청을 이용한 구매와 배분이 이루어질 수 있다.    1) 긴급사항에 따른 조달청과 미계약자도 한시적으로 구매하면 된다.    2) 행정시간을 낭비하지 않아야 한다.(사전시험, 기본업무에서의 절차 등)    3) 조달청에서 도와 시로 구분하여 배분하고, 우선 많이 발생되는 곳 순으로 수급물량을 조정하면 된다.4. 지급의 비용     1) 일정수준은 국회의 동의를 거쳐 무상배분한다.     2) 예산이 넘어서는 것에서는 배분하고 KBS시청료처럼 청구한다.          * 배분시 거부하는 세대는 최종 행정 집행자가 구분 가능하다.5. 판매단가의 고정     1) 대통령 긴급 명령 등(필요한 법률을 시행하여)등급별 판매단가를 동결하여야 한다.     2) 매점매석이 사라지고 어디서나 쉽게 구매할 수 있게 된다.** 지금은 국민이 가장 위에 있고 국민을 위한 나라가 되기를 희망합니다.** 우체국 배분방식이 어제 다르고 내일 다르고 오프라인 배분은 좁은 공간의 집회를 불러옵니다.  절대로 일어나선 안되는 행정입니다.아울러 지역경제는 무너지고 있고, 국민은 하루 하루 사투를 벌이고 있는데 비하여 행정기관은 코로나 19 예방을 위해 재택근무라는 말도 안되는 행위를 하고 있으니 두루 살펴서, 남는 행정력을 보건 복지 실무진으로 보내시면 행정력도 해결되리라 생각합니다.",naver
36,COVID-19에 대한 치료제(favipiravir/아비간)의 도입을 부탁드립니다.,2020-02-28,2020-03-29,498,https://www1.president.go.kr/petitions/585851,보건복지,"작금의 사태에 대해서는 추가적인 설명을 드릴 필요는 없을 것 같습니다. 하루가 다르게 상황이 달라지고 있으며 모두가 바라지 않는 악화의 길로 계속 접어들고 있는 현실입니다.COVID-19를 유발하는 신종코로나바이러스의 전염력과 치사율 등의 역학적 결론은 아직 내리기 어렵다는 생각입니다. 앞으로 얼마나 확산이 되고 또 얼마나 많은 국민이 이 병을 겪게 되느냐에 따라 다른 결론이 나겠지요.지금 우리나라의 현실은 그야말로 불안이라는 한마디로 대변할 수 있습니다.2020년 현재 상황과 비슷한 상황이 있었습니다. 가까이는 2015년 MERS 사태가 있었고 그 이전에는 2010년에 신종플루 사태가 있었습니다. MERS 사태는 높은 치사율을 보였지만 전국적인 대유행의 단계는 가지 않고 방역이 되어 종결이 되었습니다.2010년 신종플루 사태 때에는 높은 전염력과 치사율을 보였으며 당시에도 지금과 같은 혼란이 있었습니다. 하지만, 지금처럼 전국민의 불안과 경제의 마비 그리고 서로간의 불신, 회피, 남탓, 미워함은 아니었습니다. 지금의 COVID-19와 10년전 신종플루의 차이는 무엇일까요?제 생각에는 치료제의 유무가 가장 큰 차이라고 생각합니다. COVID-19에 혹시 걸린다고 하더라도 치료제만 잘 쓰면 잘 낫는다는 인식을 가지는 것이 중요하다고 생각합니다. 일반적인 독감에 걸렸을 때 타미플루를 먹으면 잘 낫는 것처럼 COVID-19도 치료제인 ‘favipiravir/아비간’만 잘 먹으면 독감처럼 잘 낫는다는 확신이 중요합니다. 물론 치료성적도 중요합니다.항바이러스제는 모두 같진 않지만 바이러스의 증식을 막는 약제입니다. 그래서, 증상이 발현이 되고 진단이 되었을 때 한시라도 빨리 항바이러스제를 투여하는 것이 중요합니다. 약효보다 약의 투여시기가 더 중요하다는 것입니다.국민이 치료를 받으면 나을 수 있다는 안심을 하게 되고, 치료를 할 수 있는 약이 있다고 생각을 한다면 자신의 증상을 숨기지 않고 병원을 방문하여 치료를 받게 되고 그럼으로써 병이 악화가 되기 전에 적절한 치료받게 되어 완치율이 올라가고 치사율이 낮아지게 될 것입니다.그렇다면 정말 치료제가 있느냐? 없느냐? 아직 정확한 Data나 논문을 접하진 못하였으나, 일본에서 생산한 ‘favipiravir/아비간’를 중국에서 면허생산하여 중국의 COVID-19 환자에게 치료를 시행하였고 치료효과가 있다고 발표를 하였습니다. 그리하여 현재 중국내에서는 ‘favipiravir/아비간’를 대량생산하여 직접 치료에 사용을 하고 있는 실정입니다.우리나라도 ‘favipiravir/아비간’를 빠른 시일내에 도입하여 치료를 한다면 많은 환자의 빠른 회복을 도울 것으로 예상이 되며 현재의 전국적인 불안을 해소하는 데  많은 도움이 될 것입니다.정부관계자 여러분 ‘favipiravir/아비간’을 빠른 시일 내에 도입해 주시길 간곡히 부탁드립니다.",naver
37,국가 위기에 도움이 되지 않는 미래통합당 해산을 촉구합니다,2020-02-28,2020-03-29,5238,https://www1.president.go.kr/petitions/585830,정치개혁,"현재 정부와 질본 그리고 지자체가 합심하여 COVID-19를 종식시켜도 모자랄판에,총선을 앞둔 상태에서 표심가르기, 지역차별을 넘어서 특정 국가의 차별이 도를 넘어서고 있습니다.정부는 밤낮을 쉬지 않고 코로나 방역 및 수천건이 넘는 검사로 국민의 안전을 위해 최선을 다하고 있습니다.옆나라 일본만 봐도 하루에 검사 수가 100건이 넘지 않습니다. 이러한 팩트는 무시한채, 제1 야당 대표와 대구시장은 지자체에 돈이 없어서 지원이 안된다는둥, 질본의 감염자수 발표는 못믿겠다는 식으로 발언은 국민 불안만 더할 뿐입니다. 또한 경북도지사는 어디서 뭘하고 있는지도 모르겠습니다.다른 지자체들은 바이러스가 더 퍼지지 않게 하기위해 신천지 명단을 확보하고 있습니다.그러나 제1 야당과 대구시장은 무슨 이유에선지 신천지를 감싸고, 중국인 입국금지만 주구장창 외치고 있습니다.또한 마스크를 다 중국에 갖다줘서 구할수 없다는 가짜뉴스를 퍼뜨리고 있습니다.자신의 지지세력을 위해 선동만을 일삼는.. 이 나라 발전에 전혀 도움이 되지 않는 미래통합당 해산을 촉구합니다.",naver
38,코로나19(COVID19) 치료제 트리아자비린(Triazavirin) 도입을 촉구합니다.,2020-02-28,2020-03-29,1199,https://www1.president.go.kr/petitions/585820,기타,"코로나19(COVID19) 치료제 는 이미 나와 있습니다.바로 트리아자비린(Triazavirin) 이라는 약물인데 러시아 우랄 연방대학교에서 개발한 약물입니다.이 약물은 RNA 그룹에 속한 모든 바이러스를 사멸할 수 있습니다.코로나바이러스는 변이가 자주 발생하지만 RNA그룹이 DNA그룹으로 변하는 것은 아닙니다.트리아자비린의 작용 매커니즘은 바이러스의 단백질과 결합하여 바이러스의 유전자 복제를 차단합니다.1. 면역력 향상제나 증상치료제가 아니라 직접적으로 바이러스를 사멸하는 세계 최고의 항바이러스입니다.2. 코로나바이러스과에 속하는 사스(SARS), 메르스(MERS)에 이미 효과가 입증되었고 에볼라바이러스, 지카바이러스, 인플루엔자 바이러스에도 효과가 이미 입증되었습니다.(이 바이러스들은 모두 RNA그룹에 속한 바이러스)3. 트리아자비린은 질병 초기에만 투여할 수 있는 약이 아니라 모든 단계에서 투여가 가능하고 강력한 효과를 나타낼 수 있습니다.이런 세계 최고의 항바이러스제를 빨리 수입하여 국민들을 이 위기에서 구원해 주시기를 간절히 청원합니다.",naver
39,"코로나-19 , 의료진 지원자들 에게 숙소라도 지원부탁드립니다",2020-02-27,2020-03-28,751,https://www1.president.go.kr/petitions/585753,보건복지,"코로나바이러스 감염증-19(COVID-19) 위기 단계가 '심각'으로 격상되어 2월 24일(월)부터 대구 지역의 코로나19 확산 방지를 위한 조기 진단 및 치료에 봉사할 의료인을 모집한다고 밝혔다.2월 24일 보건복지부 홈페이지의 보도자료 내용중 일부입니다 대구 경북을 비롯하여 코로나 19 환자 발생으로 인하여 의료인으로서 작은 힘이지만 보탬이 되어보면 좋겠다는 선의에서 시작하여 2월 24일 보건복지부의 발표가 있기 하루 전 해당부처에 문의하게되었고 2월 24일 오전 9시 “ 당장이라도 투입이 필요하다며 언제부터 가능하냐” 는 피드백을 받아 힘든 상황에 보탬이 되고자 하였습니다의료인 지원 공지에 함께 안내 되지 않았던 숙소 부분에 있어 타지에서 지원을 가려고 하는 입장에서 궁금할 수 밖에 없었습니다 숙소 - 지정 숙소 없는 개인적으로 알아보는 ?숙소는 주변에 어떤 시설 정도로 정하라고 보건복지부에서 이야기해준다고 합니다. 개인적으로 먼저 계산하며, 사후정산해준다고 합니다. 기본적인 숙소조차 준비 되지 않은 상태라니 어디서 부터 어디까지 알아보아야 하는것인지 대구 경북이 연고지가 아니기에 혼란해지기 시작합니다 최근 22일 대구지역으로 파견된 100여명의 공보의 또한 정해진 숙소가 없어 숙소를 찾아 다녔으나 공보의 신분을 밝힐시 거절하는 숙박업체가 상당수… 숙소를 구하는데 어려움이 있어 이에 대한공중보건의사협의회는 대구시에 지속적으로 도움을 요청했고 23일 오후 대구시 특정호텔을 지정하기로 약속했다고 했었다고…이 또한 뒤늦은 대처가 아닐 수 없었는데요 이와 비슷한 경우를 정부는 반복하고 있습니다 타지에서 힘을 보태고자 하는 의료인 지원자들에게 숙박업소에서 시와 정부의 사전 협조요청 없이 지원자들이 쉽게 숙소를 구할 수 있겠습니까 ?의식주는 인간 생활의 세가지 기본 요소입니다 그 조차 보장 되지 않는 의료인 지원 요청이라니 참으로 답답한 현실입니다 중국 유학생에게 쓰이는 예비비 42억 입국 한뒤 거주지 이동하는 비용 기숙사를 배정받지 못하는 등 거주지를 정하지 못한 학생을 위한 임시 거주시설 확보기숙사 방역 및 자가 격지라 관리 및 유학생들의 이동시 착용할 일회용 마스크비용 이렇게 쓰일 예비비는 있지만 당장 대구 지역에 지원하고 투입하는 자국민에게 당장예쓰일 비용 이나 예비비는 정녕 없는 것입니까 ? 대구지역에 지원하는 의료인력 자국민이 지낼 숙소를 정부가 나서서 확보하는 것은 중국 유학생들의 임시 거주시설을 확보하는 것보다 더 어려운 것입니까 ? 정부는 감염병 확산 방지를 위해 협조하는 의료인에 대해 충분한 예우와 지원을 다 할 계획이라 밝혔으나 숙소조차 지원자가 해당 지역에 도착하여 이후 알아보아야한다는 것은 말씀하셨던 적절하고 충분한 예우와 지원이 맞는지 묻고싶습니다 환자는 늘고 있고 의료인이 부족한 현실앞에 의료인으로서  대구로 지원을 가고자 하는 분들이 분명 많을것이라 생각됩니다 다만 감염병이기에 그곳에서 업무를 하며 지낼 공간이 필요합니다 개개인의 개별적인 의료인 지원자의 숙박으로 인해 숙박업소 관계자 분들께 공포 및 피해를 입히고 싶지는 않습니다 급박한 상황속에서 정부에서 보다 정확하고도 효과적인 안내로 마음을 모은 지원자들이 대구로 향할 수 있도록  힘써주시기 바랍니다",kakao
40,대구광역시를 특별재난지역으로 선포해 주실 것을 청원합니다.,2020-02-27,2020-03-28,43488,https://www1.president.go.kr/petitions/585744,보건복지,"2월 23일 오후 4시 현재 대구광역시에서 코로나19(Covid-19) 확진자의 수가 326명에 이르렀고, 이 중 1명의 사망자가 발생한 상태입니다. 대구의 확진자 비율은 타지역의 경우와 비교했을 때 약 15배에 달할 정도로 높은 상태이며, 더구나 감염 확산 속도는 걷잡을 수 없는 지경에 이르렀습니다. 이러한 확진자 수의 가파른 증가에 따라 대구시는 ‘역학조사 전담인력’ 및 ‘음압병동의 확보’에 심각한 어려움을 겪고 있는 바, 이는 『해당 지방자치단체의 행정능력이나 재정능력으로는 재난의 수습이 곤란하여 국가적 차원의 지원이 필요하다고 인정되는 재난』에 해당되는 것입니다(재난 및 안전관리 기본법 시행령 제69조 1항의 2 참조).아울러 사상 유례가 없는 작금의 사태로 인해 지역 주민들은 극도의 공포감으로 정신적 고통을 겪고 있으며 다수의 시민들은 생활기반을 거의 상실한 상태입니다. 이러한 사정들은 급기야 도시의 정상적인 기능을 마비시킬 정도에 이르게 되었습니다. 이에, 피해의 효과적인 수습 및 복구를 위하여 국가적 차원의 특별한 조치가 필요하다고 할 것입니다(재난 및 안전관리 기본법 시행령 제69조 1항의 3 참조).따라서, 전술한 사정을 고려하면, 중앙대책본부장은 대구광역시의 현재 상황을 『국가의 안녕 및 사회질서의 유지에 중대한 영향을 미치거나 피해를 효과적으로 수습하기 위하여 특별한 조치가 필요하다고 인정한 경우』로 인식하여야 마땅할 것이며, 중앙대책본부장은 『중앙위원회의 심의를 거쳐 해당 지역을 특별재난지역으로 선포할 것을 대통령에게 건의』하는 것이 바람직할 것입니다(재난 및 안전관리 기본법 제60조 1항 참조)한편, 지난 20일 권영진 재난안전대책본부장(대구광역시장)은 기자회견을 통하여 “지방자치단체의 자체역량만으로 극복하는데 한계가 있다며 정부의 지원을 요청한다.”라고 언급한 바 있는데, 이는 『중앙대책본부장에게 특별재난지역의 선포를 건의』한 것으로 보아야 할 것입니다(재난 및 안전관리 기본법 제60조 3항 참조).결국, 현재 대구광역시가 처한 어려운 사정 및 동법 제60조의 입법취지를 살펴보건대, 『해당 지역을 특별재난지역으로 선포』하는 대통령님의 결단만이 남겨져있다는 결론에 이르게 되었습니다(재난 및 안전관리 기본법 제60조 2항). 이에 『대구광역시를 특별재난지역으로 선포해 주실 것을 청원』 하기에 이른 것입니다.",kakao
41,"코로나19  일반 확진자와 신천지 관련 확진자와 구분해서 집계, 방송해주세요",2020-02-25,2020-03-26,458,https://www1.president.go.kr/petitions/585599,기타,"코로나바이러스 감염증-19(COVID-19) 위기 단계가 '심각'으로 격상되었습니다.2020년 2월 24일 오후 확진자가 833명이고, 그중 대구, 경북이 681명입니다.최초 확진자 나왔을 때부터 철저하게 관리하고 동선 공개,방역하고 정부, 질병관리본부 등 모두 최선을 다해서 대처하고 있었고 지금도 마찬가지라고 생각합니다.국민들은 일상생활이 조금 불편해도 서로 조심해가며 위기를 극복하기 위해 노력하고 있었는데,31번 확진자 발생 이후 급격하게 확진자가 늘고 있습니다.특정지역 신천지 신도들, 대남병원 위주로 번지고 있지만, 부산, 울산, 다른 지역 확진자도 신천지 신도들인 것으로 확인되고 있습니다.저는 지역감정을 조장하자는 게 아닙니다.현재 신천지 신도들의 확진자 수가 늘어나는 건 상식적이지 않은 일입니다.지금 우리나라에 일어나는 상황을 국민들이 객관적으로 판단할 수 있어야 한다고 생각합니다.그래서 모든 매체와 질병관리본부 브리핑은 일반 확진자와 신천지 신도의 확진자 수를 구분해서 집계하고  발표하기를 청원합니다.",naver
42,대구발 코로나 사용금지 시켜주세요,2020-02-25,2020-03-26,338,https://www1.president.go.kr/petitions/585521,행정,31번 환자이후 대구에서 코로나 환자가 급격하게 확산되고 있는데 WHO에서도 지역명을 못쓰게하여 COVID19로 명칭을 정했고 국내에서도 코로나19로 명칭하기로 하였지만 정부소속인 연합뉴스를 비롯해 문화일보.한국일보.채널A.OSB등 대다수의 언론사들이 대구발 코로나로 방송을 내보내고 있습니다 대구 사람들이 퍼트린것도 아니고 특정 종교단체와 개인의 부주의로 사태가 일파만파로 번지는걸 대구탓을 할수있는겁니까 지금도 전국 최하위의 급여와 대기업하나없는 죽어가는 도시라는 불명예를 안고살고있는 선량한 대구시민들을 욕보이지 말아주세요,facebook
