종교분류,종교단체명,소재지도로명주소,소재지지번주소,전화번호
기독교,갈릴리기도원,전라북도 군산시 옥구읍 남군산로 1530,전라북도 군산시 옥구읍 어은리22번지 ,063-471-1178
기독교,다기생명샘교회,전라북도 군산시 옥구읍 오곡길 117,전라북도 군산시 옥구읍 오곡리227-1번지 ,063-464-8621
기독교,대은교회,전라북도 군산시 옥구읍 동마산길 5-5,전라북도 군산시 옥구읍 어은리198-1번지 ,063-471-5999
기독교,서부교회,전라북도 군산시 옥구읍 둔산1길 27-16,전라북도 군산시 옥구읍 어은리339-2번지 ,063-471-3395
기독교,둔산제일교회,전라북도 군산시 옥구읍 둔산1길 74,전라북도 군산시 옥구읍 어은리679번지 ,
기독교,믿음의 교회,전라북도 군산시 옥구읍 할미로 144,전라북도 군산시 옥구읍 옥정리439-2번지 ,070-8630-2556
기독교,베데스다예수마을,전라북도 군산시 옥구읍 광월길 63,전라북도 군산시 옥구읍 상평리595번지 ,
기독교,빛과소금선교회,전라북도 군산시 옥구읍 향교골길 58,전라북도 군산시 옥구읍 이곡리712번지 ,063-471-1871
기독교,산소망교회,전라북도 군산시 옥구읍 광월길 56,전라북도 군산시 옥구읍 상평리547-1번지 ,063-463-7393
기독교,상평교회,전라북도 군산시 옥구읍 상평향교길 15-14,전라북도 군산시 옥구읍 상평리728-1번지 ,063-464-9384
기독교,수산교회,전라북도 군산시 옥구읍 수산길 71-25,전라북도 군산시 옥구읍 수산리189-12번지 ,063-464-9304
기독교,어은교회,전라북도 군산시 옥구읍 어은동로 252,전라북도 군산시 옥구읍 어은리110-3번지 ,063-471-4938
기독교,옥구교회,전라북도 군산시 옥구읍 수레기길 19,전라북도 군산시 옥구읍 선제리408-3번지 ,063-464-9605
기독교,옥정교회,전라북도 군산시 옥구읍 옥정길 82-5,전라북도 군산시 옥구읍 옥정리94-7번지 ,063-464-3210
기독교,우포교회,전라북도 군산시 옥구읍 우포길 39,전라북도 군산시 옥구읍 수산리91-1번지 ,
기독교,이곡교회,전라북도 군산시 옥구읍 개구멀길 12-9,전라북도 군산시 옥구읍 이곡리627번지 ,063-464-8257
기독교,나눔의 교회,전라북도 군산시 옥구읍 할미로 171,전라북도 군산시 옥구읍 옥정리406-1번지 ,063-464-9943
기독교,옥산중앙교회,전라북도 군산시 옥산면 여로1길 3,전라북도 군산시 옥산면 옥산리72번지 ,063-464-4031
기독교,금관교회,전라북도 군산시 옥산면 망동길 8,전라북도 군산시 옥산면 남내리275-1번지 ,063-464-4717
기독교,백석교회,전라북도 군산시 옥산면 백석안길 61,전라북도 군산시 옥산면 당북리587-28번지 ,063-465-0691
기독교,헤세드(열린)교회,전라북도 군산시 옥산면 외당원길 75,전라북도 군산시 옥산면 당북리920번지 ,063-465-8192
기독교,주찬영교회,전라북도 군산시 옥산면 옥산로 228,전라북도 군산시 옥산면 옥산리75-3번지 ,
기독교,하늘문교회,전라북도 군산시 옥산면 평사길 7-2,전라북도 군산시 옥산면 쌍봉리744-24번지 ,
기독교,명분교회,전라북도 군산시 옥산면 산성로 203,전라북도 군산시 옥산면 옥산리23-18번지 ,063-467-7942
기독교,옥산축복교회,전라북도 군산시 옥산면 대위로 129,전라북도 군산시 옥산면 남내리315번지 ,063-464-7715
기독교,예은교회,전라북도 군산시 옥산면 산성로 219,전라북도 군산시 옥산면 옥산리86-13번지 ,
기독교,한림교회,전라북도 군산시 옥산면 염의서원길 16,전라북도 군산시 옥산면 당북리637-6번지 ,
기독교,넘치는교회,전라북도 군산시 옥산면 외당원길 75,전라북도 군산시 옥산면 당북리920번지 ,063-461-5999
기독교,전원교회,전라북도 군산시 옥산면 대위로 126,전라북도 군산시 옥산면 남내리605번지 ,
기독교,옥산제일교회,전라북도 군산시 옥산면 대려2길 18-2,전라북도 군산시 옥산면 옥산리323-4번지 ,063-464-4355
기독교,옥산교회,전라북도 군산시 옥산면 산성로 215,전라북도 군산시 옥산면 옥산리86-3번지 ,063-464-4054
기독교,초청교회,전라북도 군산시 옥산면 흑석길 22-20,전라북도 군산시 옥산면 쌍봉리15번지 ,
기독교,회현교회,전라북도 군산시 회현면 광지산길 12,전라북도 군산시 회현면 대정리363-1번지 ,063-466-5101
기독교,옥성교회,전라북도 군산시 회현면 금광옥흥길 16,전라북도 군산시 회현면 금광리1249-337번지 ,
기독교,월연교회,전라북도 군산시 회현면 남군산로 987,전라북도 군산시 회현면 월연리177번지 ,
기독교,금성교회,전라북도 군산시 회현면 방죽안길 10,전라북도 군산시 회현면 대정리575-3번지 ,063-466-5150
기독교,원우리교회,전라북도 군산시 회현면 용화1길 13,전라북도 군산시 회현면 원우리299-1번지 ,063-466-6372
기독교,금광교회,전라북도 군산시 회현면 원당2길 2,전라북도 군산시 회현면 금광리508-2번지 ,
기독교,증석교회,전라북도 군산시 회현면 증석1길 35-4,전라북도 군산시 회현면 증석리408-4번지 ,063-466-5614
기독교,산돌교회,전라북도 군산시 회현면 회현로 149-2,전라북도 군산시 회현면 대정리127-5번지 ,
기독교,사랑의교회,전라북도 군산시 회현면 표산길 100,전라북도 군산시 회현면 원우리120번지 ,
기독교,대한전원교회,전라북도 군산시 회현면 표산길 115,전라북도 군산시 회현면 원우리515-4번지 ,063-466-5900
기독교,빛과소금의교회,전라북도 군산시 회현면 대위안길 20-8,전라북도 군산시 회현면 고사리176-5번지 ,
기독교,풍촌교회,전라북도 군산시 회현면 회미로 529,전라북도 군산시 회현면 학당리683-1번지 ,063-466-1108
기독교,술산반석교회,전라북도 군산시 임피면 주산1길 36,전라북도 군산시 임피면 술산리756-1번지 ,063-453-3642
기독교,보석성광교회,전라북도 군산시 임피면 보석보암길 5,전라북도 군산시 임피면 보석리460-1번지 ,063-453-7622
기독교,술산교회,전라북도 군산시 임피면 술산길 40,전라북도 군산시 임피면 술산리384-1번지 ,063-453-3034
기독교,영창성광교회,전라북도 군산시 임피면 만석길 49-2,전라북도 군산시 임피면 영창리153번지 ,
기독교,참사랑교회,전라북도 군산시 임피면 축성로199,전라북도 군산시 임피면 축산리500번지 ,063-453-0119
기독교,임피교회,전라북도 군산시 임피면 임피향교길 25-2,전라북도 군산시 임피면 읍내리408번지 ,063-453-2437
기독교,동산전원교회,전라북도 군산시 임피면 축성로 151-37,전라북도 군산시 임피면 축산리399-3번지 ,
기독교,임피제일교회,전라북도 군산시 임피면 임피성내길 24-5,전라북도 군산시 임피면 읍내리426-14번지 ,063-453-2754
기독교,대일교회,전라북도 군산시 임피면 남상길 22,전라북도 군산시 임피면 읍내리496-1번지 ,063-453-5588
기독교,광림교회,전라북도 군산시 임피면 구절길 32-5,전라북도 군산시 임피면 보석리415-1번지 ,063-453-8635
기독교,태양교회(기도원),전라북도 군산시 임피면 소령안길 21,전라북도 군산시 임피면 영창리914-1번지 ,063-453-1819
기독교,남산기도원,전라북도 군산시 임피면 보석남산길 62,전라북도 군산시 임피면 보석리24-1번지 ,063-453-2485
기독교,희망찬교회,전라북도 군산시 임피면 소령길 25-3,전라북도 군산시 임피면 영창리910-1번지 ,063-453-8874
기독교,생명나무교회,전라북도 군산시 임피면 호원대3길 31,전라북도 군산시 임피면 월하리470-41번지 ,063-451-9199
기독교,군장순복음교회,전라북도 군산시 임피면 왕산2길 20,전라북도 군산시 임피면 보석리620-1번지 ,063-443-0675
기독교,한국벧엘교회,전라북도 군산시 임피면 신털매길 14,전라북도 군산시 임피면 술산리190-1번지 ,063-453-9610
기독교,서수중앙교회,전라북도 군산시 서수면 원관원길 16,전라북도 군산시 서수면 관원리167-19번지 ,063-451-0265
기독교,마룡교회,전라북도 군산시 서수면 청룡로 94-3,전라북도 군산시 서수면 마룡리690-1번지 ,063-453-3098
기독교,서수교회,전라북도 군산시 서수면 탑천로 599,전라북도 군산시 서수면 서수리792-4번지 ,063-453-3576
기독교,금암나사렛성결교회,전라북도 군산시 서수면 황등서로 341-8,전라북도 군산시 서수면 금암리266-2번지 ,063-453-3065
기독교,금암교회,전라북도 군산시 서수면 하금길 37-3,전라북도 군산시 서수면 금암리496-9번지 ,063-453-3474
기독교,행복한교회,전라북도 군산시 서수면 서라로 199,전라북도 군산시 서수면 마룡리863-9번지 ,
기독교,만유중앙교회,전라북도 군산시 서수면 하금길 50-11,전라북도 군산시 서수면 금암리430번지 ,063-453-6382
기독교,서수제일교회,전라북도 군산시 서수면 항쟁로 270-1,전라북도 군산시 서수면 서수리294-4번지 ,063-453-1533
기독교,성은교회,전라북도 군산시 서수면 남산로 283-10,전라북도 군산시 서수면 서수리1393번지 ,
기독교,화등중앙교회,전라북도 군산시 서수면 화등길 116,전라북도 군산시 서수면 화등리316-1번지 ,
기독교,신성교회,전라북도 군산시 서수면 황등서로 505-10,전라북도 군산시 서수면 화등리546-11번지 ,
기독교, 시온교회 ,전라북도 군산시 서수면 황등서로 629,전라북도 군산시 서수면 마룡리9번지 ,063-451-9191 
기독교,영생교회,전라북도 군산시 서수면 상장곤길 11,전라북도 군산시 서수면 마룡리437-1번지 ,063-453-3415
기독교,중앙교회,전라북도 군산시 대야면 번영로 919,전라북도 군산시 대야면 지경리728-14번지 ,063-451-2502
기독교,대야교회,전라북도 군산시 대야면 대야관통로 97,전라북도 군산시 대야면 산월리391번지 ,063-451-6281
기독교,지경교회,전라북도 군산시 대야면 만자로 21,전라북도 군산시 대야면 지경리791번지 ,063-451-2060
기독교,제일교회,전라북도 군산시 대야면 서악길 20,전라북도 군산시 대야면 산월리783-2번지 ,063-451-5352
기독교,광명교회,전라북도 군산시 대야면 우덕실길 34-3,전라북도 군산시 대야면 지경리766-14번지 ,
기독교,신광교회,전라북도 군산시 대야면 번영로 879-4,전라북도 군산시 대야면 지경리765-1번지 ,063-451-2723
기독교,새희망교회,전라북도 군산시 대야면 내상길 7,전라북도 군산시 대야면 지경리129-12번지 ,
기독교,임마누엘교회,전라북도 군산시 대야면 금반길 4,전라북도 군산시 대야면 지경리993-21번지 ,063-451-4454
기독교,경창교회,전라북도 군산시 대야면 남군산로 262,전라북도 군산시 대야면 지경리1165-85번지 ,063-451-3292
기독교,대광교회,전라북도 군산시 대야면 남군산로 128,전라북도 군산시 대야면 복교리955-6번지 ,
기독교,새샘교회,전라북도 군산시 대야면 상리길 38,전라북도 군산시 대야면 복교리467-24번지 ,063-451-1009
기독교,접산교회,전라북도 군산시 대야면 라궁길 23-11,전라북도 군산시 대야면 접산리756-119번지 ,063-451-4078
기독교,죽산교회,전라북도 군산시 대야면 탑동길 13-28,전라북도 군산시 대야면 죽산리267-1번지 ,063-451-2409
기독교,광원교회,전라북도 군산시 대야면 원두길 49,전라북도 군산시 대야면 광교리45-4번지 ,063-451-5070
기독교,임마누엘수양관,전라북도 군산시 대야면 수림로 221,전라북도 군산시 대야면 보덕리640-3번지 ,063-451-3191
기독교,벧엘수양관(엘벧엘교회),전라북도 군산시 대야면 덕봉2길 52,전라북도 군산시 대야면 보덕리559-1번지 ,
기독교,새군산교회,전라북도 군산시 대야면 대야관통로 230-6,전라북도 군산시 대야면 산월리90-5번지 ,063-451-3084
기독교,중동교회,전라북도 군산시 대야면 남흥길 34,전라북도 군산시 대야면 산월리572-1번지 ,063-451-2407
기독교,샘솟는교회,전라북도 군산시 대야면 수림로 160-7,전라북도 군산시 대야면 보덕리721-16번지 ,
기독교,큰들교회,전라북도 군산시 대야면 석화로 21-6,전라북도 군산시 대야면 지경리1-8번지 ,063-451-9125
기독교,개정중앙교회,전라북도 군산시 개정면 충량3길 15,전라북도 군산시 개정면 아동리431-2번지 ,063-453-0536
기독교,성촌교회,전라북도 군산시 개정면 아동북길 112,전라북도 군산시 개정면 아동리503-2번지 ,063-453-0363
기독교,창대교회,전라북도 군산시 개정면 동정3길 84-4,전라북도 군산시 개정면 아동리125-43번지 ,063-451-6777
기독교,운회교회,전라북도 군산시 개정면 당산1길39,전라북도 군산시 개정면 운회리181-1번지 ,063-453-0532
기독교,발산제일교회,전라북도 군산시 개정면 바르메길 170,전라북도 군산시 개정면 발산리313-8번지 ,063-451-5293
기독교,만금교회,전라북도 군산시 개정면 바르메길 91-8,전라북도 군산시 개정면 발산리35-4번지 ,063-451-2586
기독교,발산중앙교회,전라북도 군산시 개정면 신발산길 33-4,전라북도 군산시 개정면 발산리45-3번지 ,063-451-5387
기독교,발산교회,전라북도 군산시 개정면 바르메길 8-4,전라북도 군산시 개정면 발산리98-11번지 ,063-451-2221
기독교,영락교회,전라북도 군산시 개정면 아동남로 40,전라북도 군산시 개정면 아동리219-3번지 ,
기독교,군산베들레헴교회,전라북도 군산시 개정면 번영로 726-1,전라북도 군산시 개정면 발산리612-3번지 ,063-451-6525
기독교,그리심수양관(전원교회),전라북도 군산시 개정면 통사장산길 74-5,전라북도 군산시 개정면 통사리71번지 ,063-451-3528
기독교,주님의교회,전라북도 군산시 개정면 신장산길 5,전라북도 군산시 개정면 통사리169-4번지 ,063-451-6691
기독교,응답교회,전라북도 군산시 개정면 신장산길 7-8,전라북도 군산시 개정면 통사리169-32번지 ,063-451-2771
기독교,팔복행금교회,전라북도 군산시 개정면 남방산길 24,,
기독교,에스라선교교회,전라북도 군산시 개정면 원아산2길 73,전라북도 군산시 개정면 아산리16번지 ,063-451-1188
기독교,산곡교회,전라북도 군산시 성산면 수림로 336,전라북도 군산시 성산면 산곡리318-4번지 ,063-453-2344
기독교,성덕교회,전라북도 군산시 성산면 성덕길 39,전라북도 군산시 성산면 성덕리248-3번지 ,063-453-0261
기독교,수가성교회,"전라북도 군산시 신영2길 4, 2층",전라북도 군산시 신영동12-14번지 2층,
기독교,밝은교회,전라북도 군산시 성산면 고봉3길 58-15,전라북도 군산시 성산면 고봉리189-9번지 ,070-4248-9689
기독교,성산교회,전라북도 군산시 성산면 만동2길 121,전라북도 군산시 성산면 고봉리396-4번지 ,063-453-0026
기독교,성산창오교회,전라북도 군산시 성산면 창오2길 56,전라북도 군산시 성산면 창오리390번지 ,063-453-2994
기독교,성흥교회,전라북도 군산시 성산면 둔덕1길 49,전라북도 군산시 성산면 둔덕리514-3번지 ,070-8866-3391
기독교,신성성결교회,전라북도 군산시 성산면 둔덕4길 2-1,전라북도 군산시 성산면 둔덕리400-1번지 ,063-453-0849
기독교,나포교회,전라북도 군산시 나포면 혜곡길 19-3,전라북도 군산시 나포면 나포리440번지 ,
기독교,사랑교회,전라북도 군산시 나포면 서라로 680,전라북도 군산시 나포면 나포리130-5번지 ,063-451-1004
기독교,서포교회,전라북도 군산시 나포면 서왕길 6-5,전라북도 군산시 나포면 서포리431-43번지 ,063-453-1085
기독교,자양교회,전라북도 군산시 나포면 대동길 30,전라북도 군산시 나포면 주곡리281-4번지 ,063-453-1053
기독교,제일침례교회,전라북도 군산시 나포면 교동1길 5,전라북도 군산시 나포면 옥곤리505-43번지 ,063-453-1413
기독교,나포순복음교회,전라북도 군산시 나포면 교동2길 55-16,전라북도 군산시 나포면 옥곤리226-1번지 ,063-453-9993
기독교,풍성한교회,전라북도 군산시 나포면 등동1길 41,전라북도 군산시 나포면 옥곤리319-17번지 ,
기독교,나포성광교회,전라북도 군산시 나포면 서라로 560,전라북도 군산시 나포면 장상리산25-1번지 ,070-4101-7414
기독교,나포중앙교회,전라북도 군산시 나포면 등동1길 41-11,전라북도 군산시 나포면 옥곤리434-1번지 ,063-453-1178
기독교,개야도교회,전라북도 군산시 옥도면 개야도1길 49-5,전라북도 군산시 옥도면 개야도리110번지 ,
기독교,연도교회,전라북도 군산시 옥도면 연도2길 19,전라북도 군산시 옥도면 연도리71번지 ,063-462-0176
기독교,어청도교회,전라북도 군산시 옥도면 어청도길 88-7,전라북도 군산시 옥도면 어청도리산7번지 ,070-4253-9192
기독교,야미도교회,전라북도 군산시 옥도면 야미도2길 52-6,전라북도 군산시 옥도면 야미도리42번지 ,063-461-2533
기독교,신시도교회,전라북도 군산시 옥도면 신시도2길 13-5,전라북도 군산시 옥도면 신시도리42번지 ,063-466-6750
기독교,선유도교회,전라북도 군산시 옥도면 선유북길 89-4,전라북도 군산시 옥도면 선유도리255번지 ,
기독교,고군산중앙교회,전라북도 군산시 옥도면 무녀도4길 65,전라북도 군산시 옥도면 무녀도리229-3번지 ,063-465-2307
기독교,무녀2구교회,전라북도 군산시 옥도면 무녀도동길 67,전라북도 군산시 옥도면 무녀도리산16번지 ,063-466-1962
기독교,장자도교회,전라북도 군산시 옥도면 장자도1길 16-1,전라북도 군산시 옥도면 장자도리132번지 ,063-466-3840
기독교,관리도교회,전라북도 군산시 옥도면 관리도길 54-10,전라북도 군산시 옥도면 관리도리49번지 ,063-463-0333
기독교,방축도교회,전라북도 군산시 옥도면 방축도길 48,전라북도 군산시 옥도면 말도리171번지 ,063-462-1479
기독교,말도교회,전라북도 군산시 옥도면 말도길 128,전라북도 군산시 옥도면 말도리23번지 ,
기독교,명도교회,전라북도 군산시 옥도면 명도길 36-2,전라북도 군산시 옥도면 말도리77번지 ,
기독교,비안도교회,전라북도 군산시 옥도면 비안도1길 18-1,전라북도 군산시 옥도면 비안도리208번지 ,
기독교,옥봉교회,전라북도 군산시 옥서면 외성산1길 30,전라북도 군산시 옥서면 옥봉리175번지 ,063-471-5287
기독교,선연교회,전라북도 군산시 옥서면 선연길 97,전라북도 군산시 옥서면 선연리105번지 ,063-471-5523
기독교,성화교회,전라북도 군산시 옥서면 옥봉초교길 12-11,전라북도 군산시 옥서면 옥봉리74-54번지 ,063-471-3006
기독교,성남교회,전라북도 군산시 옥서면 양포로 116,전라북도 군산시 옥서면 옥봉리1018-5번지 ,063-471-2213
기독교,가나안교회,전라북도 군산시 옥서면 남동2길 20-11,전라북도 군산시 옥서면 옥봉리328번지 ,063-471-2081
기독교,군산감리교회,전라북도 군산시 동산길 10,전라북도 군산시 금동14-15번지 ,063-445-1144
기독교,군산신흥교회,전라북도 군산시 구영1길 121,전라북도 군산시 금동26-9번지 ,063-446-2445
기독교,군산해망동교회,전라북도 군산시 해망로 364,전라북도 군산시 해망동999-19번지 ,063-445-3211
기독교,군산우주교회,전라북도 군산시 중앙로 212,전라북도 군산시 금동26-91번지 ,063-445-1353
기독교,군산은혜교회,전라북도 군산시 절골1길 7-5,전라북도 군산시 신흥동36-9번지 ,
기독교,군산햇빛교회,전라북도 군산시 중앙로 219-13,전라북도 군산시 금동35-22번지 ,063-442-7222
기독교,군산은혜성결교회,전라북도 군산시 중앙로 209-2,전라북도 군산시 금동38-6번지 ,
기독교,그루터기교회,"전라북도 군산시 해망로 407, 4층",전라북도 군산시 해망동1010-17번지 4층,
기독교,군산삼빛교회,전라북도 군산시 도선길 17,전라북도 군산시 금동1-6번지 ,063-446-2334
기독교,세광교회,전라북도 군산시 구영신창길 45,전라북도 군산시 월명동9-5번지 ,063-446-2453
기독교,군산성광교회,전라북도 군산시 우체통거리2길 17,전라북도 군산시 개복동3-2번지 ,063-445-4627
기독교,개복교회,전라북도 군산시 중앙로 119-5,전라북도 군산시 개복동13-1번지 ,063-442-2401
기독교,월명교회,전라북도 군산시 월명로 509-5,전라북도 군산시 월명동26-12번지 ,063-446-3403
기독교,동신교회,전라북도 군산시 월명안길 3,전라북도 군산시 월명동21-3번지 ,
기독교,하나님께서기뻐하시는교회,전라북도 군산시 대학로 44 2층,전라북도 군산시 신창동35-1번지 2층,
기독교,주영광교회,전라북도 군산시 구영6길 128,전라북도 군산시 영화동10-15번지 ,
기독교,영안교회,전라북도 군산시 둔배미길 21 소망관 2층,전라북도 군산시 중앙로2가135-2번지 소망관 2층,063-450-8541
기독교,시냇가에심은나무교회,전라북도 군산시 동령길 26,전라북도 군산시 장미동2-38번지 ,070-4042-1382
기독교,예닮교회,"전라북도 군산시 장미1길 27, 7층",전라북도 군산시 장미동10-20번지 7층,
기독교,예찬교회,"전라북도 군산시 동령길 39, 2층",전라북도 군산시 장미동12-41번지 2층,063-467-3046
기독교,알음교회,전라북도 군산시 동령길 38-1,전라북도 군산시 장미동1-56번지 ,
기독교,빛과소금교회,전라북도 군산시 월명로 427-2,전라북도 군산시 선양동223-12번지 ,
기독교,이루리교회,전라북도 군산시 선양안길 11,전라북도 군산시 선양동902-3번지 ,063-465-3319
기독교,대한예수교장로회 화평교회,전라북도 군산시 대학로 80 2층,전라북도 군산시 월명동19-7번지 2층,
기독교,세움교회,전라북도 군산시 월명1길 3,전라북도 군산시 월명동23-1번지 클래시움 ,
기독교,함께걷는교회,전라북도 군산시 아리랑로 38-3,전라북도 군산시 선양동208-6번지 ,
기독교,열린문교회,전라북도 군산시 선양4길 5-26,전라북도 군산시 선양동257-10번지 ,063-462-4196
기독교,복음교회,전라북도 군산시 둔율1길 6,전라북도 군산시 둔율동186-22번지 ,063-445-3944
기독교,열매교회,전라북도 군산시 둔배미길 1-2,전라북도 군산시 둔율동174-1번지 ,070-4118-3927
기독교,하늘소망교회,전라북도 군산시 명산길 4,전라북도 군산시 명산동10-11번지 ,063-467-8084
기독교,반석교회,전라북도 군산시 오룡로 43,전라북도 군산시 송창동155-27번지 ,
기독교,남군산교회,전라북도 군산시 삼화3길 23,전라북도 군산시 삼학동815-7번지 ,063-465-6880
기독교,사랑이풍성한교회,전라북도 군산시 삼학안2길 33-7,전라북도 군산시 삼학동278-6번지 ,
기독교,순복음중앙교회,전라북도 군산시 삼학5길 6,전라북도 군산시 삼학동275-7번지 ,063-466-3323
기독교,기쁨교회,전라북도 군산시 기와골2길 5,전라북도 군산시 삼학동870-5번지 ,
기독교,한우리교회,전라북도 군산시 대학로 108-1 2층,전라북도 군산시 금광동167-14번지 2층,
기독교,주영광교회,전라북도 군산시 미원로 68,전라북도 군산시 삼학동884-47번지 ,
기독교,안디옥교회,전라북도 군산시 대학로 106-1,전라북도 군산시 금광동167-13번지 ,
기독교,열린숲교회,"전라북도 군산시 미원로 77-1,2층",전라북도 군산시 삼학동265-47번지 2층,
기독교,군산초대교회,전라북도 군산시 삼학1길 38-1,전라북도 군산시 삼학동790-4번지 ,070-4045-1986
기독교,군산벧엘교회,전라북도 군산시 삼학1길 34-1,전라북도 군산시 삼학동790-44번지 ,063-442-3030
기독교,서부교회,전라북도 군산시 효자길 4-5,전라북도 군산시 삼학동888-386번지 ,
기독교,늘푸른교회,전라북도 군산시 삼학안2길 10,전라북도 군산시 삼학동796-3번지 ,063-465-8216
기독교,광생교회,전라북도 군산시 삼학3길 39,전라북도 군산시 삼학동283번지 ,
기독교,삼학장로교회,전라북도 군산시 삼학1길 20,전라북도 군산시 삼학동795-23번지 ,070-8229-5954
기독교,성서교회,전라북도 군산시 기와골2길 4,전라북도 군산시 삼학동812-25번지 ,063-462-4992
기독교,송산교회,전라북도 군산시 청소년회관로 53-13,전라북도 군산시 송풍동947-5번지 ,063-468-1300
기독교,삼성교회,전라북도 군산시 대학로 140,전라북도 군산시 신풍동1001-3번지 ,063-471-2441
기독교,서문교회,전라북도 군산시 백토로 13,전라북도 군산시 문화동879-14번지 ,063-462-8404
기독교,중앙성결교회,전라북도 군산시 백토로 50,전라북도 군산시 문화동896-1번지 ,063-465-2900
기독교,헤븐교회,전라북도 군산시 문화1길 69,전라북도 군산시 문화동887-15번지 ,063-471-0175
기독교,예뜨랑교회,전라북도 군산시 문화안길 71,전라북도 군산시 문화동891-1번지 ,063-466-2440
기독교,동부교회,전라북도 군산시 문화로 23,전라북도 군산시 문화동26-6번지 ,063-464-5601
기독교,문화교회,전라북도 군산시 서흥안1길 18,전라북도 군산시 문화동909-1번지 ,063-463-0746
기독교,지구촌교회,전라북도 군산시 문화안길 24,전라북도 군산시 문화동547-3번지 ,063-462-5904
기독교,광성교회,전라북도 군산시 축동로 123-7,전라북도 군산시 문화동35-16번지 ,063-465-3483
기독교,부흥교회,전라북도 군산시 군중길 5,전라북도 군산시 문화동888-17번지 ,063-465-1045
기독교,큰방주교회,전라북도 군산시 대학로 155-1,전라북도 군산시 문화동877-25번지 ,
기독교,축복교회,전라북도 군산시 대학로 148-1,전라북도 군산시 문화동876-24번지 ,
기독교,기쁨의교회,"전라북도 군산시 대학로 136, 2층",전라북도 군산시 신풍동1001-2번지 2층,
기독교,군산한걸음교회,전라북도 군산시 청소년회관로 43-3,전라북도 군산시 송풍동931-3번지 ,063-461-0153
기독교,나운복음교회,전라북도 군산시 문화3길 41,전라북도 군산시 문화동912-11번지 ,063-446-1481
기독교,시민교회,전라북도 군산시 하신재길 26-10,전라북도 군산시 문화동549-13번지 ,070-4214-3291
기독교,주성령기도원(교회),전라북도 군산시 문화1길 19-1,전라북도 군산시 문화동919-1번지 ,063-462-5590
기독교,열방교회,전라북도 군산시 미원로 12-1,전라북도 군산시 문화동1-24번지 ,
기독교,제자교회,전라북도 군산시 팔마로 32,전라북도 군산시 문화동912-6번지 ,
기독교,주동행교회,전라북도 군산시 오룡1길 57,전라북도 군산시 신풍동999-26번지 ,
기독교,초장교회,전라북도 군산시 하신재길 30,전라북도 군산시 문화동915-23번지 ,063-463-8525
기독교,주왕교회,전라북도 군산시 팔마로 6,전라북도 군산시 문화동918-11번지 ,
기독교,성서침례교회,전라북도 군산시 신풍길 23,전라북도 군산시 신풍동910번지 ,
기독교,생명나무교회,"전라북도 군산시 팔마로 37, 2층",전라북도 군산시 문화동897-8번지 2층,063-464-5363
기독교,변화교회,전라북도 군산시 개정면 최호장군길 131-2,전라북도 군산시 개정면 발산리382-1번지 ,
기독교,예길교회,전라북도 군산시 삼화길 6,전라북도 군산시 문화동893-1번지 ,063-468-8109
기독교,울타리교회,전라북도 군산시 팔마로 26,전라북도 군산시 문화동913-26번지 ,063-464-8186
기독교,정금교회,전라북도 군산시 대학로 145,전라북도 군산시 문화동877-1번지 ,
기독교,축복교회,전라북도 군산시 문화3길 34,전라북도 군산시 문화동911-7번지 ,063-462-0685
기독교,구세군 군산영문,전라북도 군산시 나운우회로 26,전라북도 군산시 문화동733번지 ,
기독교,예닮교회,전라북도 군산시 대학로 163,전라북도 군산시 문화동887-30번지 ,
기독교,큰빛교회,전라북도 군산시 백토로 339-3,전라북도 군산시 문화동549-21번지 ,063-471-9491
기독교,군산가정교회,전라북도 군산시 삼화길 60,전라북도 군산시 문화동14-5번지 ,063-465-4834
기독교,행복한교회,전라북도 군산시 신풍길 10-1,전라북도 군산시 신풍동893-3번지 ,
기독교,사랑의 교회,전라북도 군산시 문화3길 14-2,전라북도 군산시 문화동916-24번지 ,063-467-1335
기독교,해성교회,"전라북도 군산시 문화3길 21, 2층",전라북도 군산시 문화동913-14번지 2층,
기독교,본분교회,전라북도 군산시 청소년회관로 41,전라북도 군산시 송풍동932-15번지 ,063-467-0153
기독교,꿈의교회,"전라북도 군산시 신풍길 31, 3층",전라북도 군산시 신풍동904-8번지 3층,063-462-6004
기독교,축복열린교회,전라북도 군산시 백토로 61,전라북도 군산시 문화동898-14번지 ,063-467-5959
기독교,대은성결교회,전라북도 군산시 군중길 13-6,전라북도 군산시 문화동889-26번지 ,063-462-5080
기독교,미화교회,전라북도 군산시 삼화안길 19,전라북도 군산시 문화동14-12번지 ,
기독교,삼일교회,전라북도 군산시 백토로 42-8,전라북도 군산시 문화동884-6번지 ,063-462-4931
기독교,신풍복음교회,전라북도 군산시 군중길 19,전라북도 군산시 문화동824-16번지 ,063-462-4687
기독교,중동교회,전라북도 군산시 선창2길 14,전라북도 군산시 중동274-19번지 ,063-442-2311
기독교,제일교회,전라북도 군산시 싸전길 4,전라북도 군산시 중앙로2가12-1번지 ,
기독교,서광교회,전라북도 군산시 평화길 7,전라북도 군산시 평화동158-6번지 ,063-461-1491
기독교,생수같은교회,전라북도 군산시 큰샘길 67,전라북도 군산시 신영동7-20번지 ,
기독교,주다은교회,전라북도 군산시 싸전길 15,전라북도 군산시 죽성동33-13번지 ,
기독교,예인교회,전라북도 군산시 신영1길 16,전라북도 군산시 신영동15-18번지 ,465-0150
기독교,성복음교회,"전라북도 군산시 신금길 49, 2층",전라북도 군산시 중동274-56번지 2층,
기독교,선민교회,전라북도 군산시 평화길 80,전라북도 군산시 죽성동32-11번지 ,063-445-7791
기독교,새생명교회,전라북도 군산시 구시장로 72-25,전라북도 군산시 신영동6-2번지 ,063-445-9636
기독교,드높은교회,전라북도 군산시 해망로 86,전라북도 군산시 중동242-1번지 ,063-445-1901
기독교,기쁨의교회,전라북도 군산시 해망로 102,전라북도 군산시 중동274-393번지 ,
기독교,방주교회,전라북도 군산시 서흥길 32,전라북도 군산시 서흥남동817-5번지 ,063-463-5917
기독교,성원교회,전라북도 군산시 축동로 151,전라북도 군산시 서흥남동816-4번지 ,471-7718
기독교,영광교회,전라북도 군산시 풍문1길 14,전라북도 군산시 서흥남동843-23번지 ,063-446-1269
기독교,은빛순복음,전라북도 군산시 팔마로 157-1,전라북도 군산시 동흥남동401-5번지 ,
기독교,은혜교회,전라북도 군산시 월명로 410,전라북도 군산시 미원동32번지 ,063-445-1191
기독교,이웃사랑교회,"전라북도 군산시 동팔마길 39, 마-202",전라북도 군산시 장재동380-1번지 한일 마동 202호,063-446-2039
기독교,하진교회,전라북도 군산시 월명로 374,전라북도 군산시 미원동416번지 ,
기독교,군산오륙교회,"전라북도 군산시 동팔마길 53, 201~202",전라북도 군산시 장재동212번지 ,
기독교,은혜평강교회,전라북도 군산시 삼학7길 19,전라북도 군산시 미원동367번지 ,
기독교,풍성한교회,전라북도 군산시 팔마로 89,전라북도 군산시 서흥남동801-31번지 ,
기독교,만복교회,전라북도 군산시 미원로 132-7,전라북도 군산시 장재동41-5번지 ,063-446-8290
기독교,창대교회,전라북도 군산시 서흥길 72-2,전라북도 군산시 서흥남동827-13번지 ,063-445-5173
기독교,군산황금교회,전라북도 군산시 서흥2길 57,전라북도 군산시 서흥남동820-4번지 ,063-461-0191
기독교,꿈이있는교회,"전라북도 군산시 풍문2길 35 101-S207,208,209",전라북도 군산시 장재동212번지 현대세솔 101동 S207호 208 209,063-443-5224
기독교,명산교회,전라북도 군산시 미원안길 23,전라북도 군산시 중앙로3가155-4번지 ,
기독교,군산창선교회,전라북도 군산시 동팔마길41 덕제빌딩 D202호,전라북도 군산시 장재동380-22번지 덕제빌딩 D202호,
기독교,동행교회,"전라북도 군산시 월명로 416, 2층",전라북도 군산시 미원동36번지 2층,
기독교,수도교회,전라북도 군산시 월명로 409-1,전라북도 군산시 미원동47번지 ,063-445-9193
기독교,밀알교회,전라북도 군산시 팔마로 100 2층,전라북도 군산시 서흥남동822-2번지 2층,
기독교,하늘문기도원,전라북도 군산시 중앙로 29,전라북도 군산시 대명동384-45번지 ,
기독교,로뎀교회,전라북도 군산시 팔마로 93-1,전라북도 군산시 서흥남동801-37번지 ,063-461-0183
기독교,하늘빛교회,전라북도 군산시 풍문3길 39,전라북도 군산시 미원동246번지 ,063-445-1172
기독교,주이루리교회,전라북도 군산시 미원로99 2층,전라북도 군산시 미원동97번지 2층,
기독교,군산생명교회,"전라북도 군산시 서흥2길 57, 3층",전라북도 군산시 서흥남동820-4번지 3층,
기독교,해오름교회,전라북도 군산시 월명로 341,전라북도 군산시 서흥남동847-23번지 ,
기독교,생수교회,전라북도 군산시 군산시 진포3길 22,전라북도 군산시 동흥남동394-7번지 군산시 ,063-465-2373
기독교,샘솟는교회,전라북도 군산시 미원로 107-1,전라북도 군산시 미원동183번지 ,063-443-4901
기독교,전북제일교회,전라북도 군산시 월명로 373,전라북도 군산시 미원동369번지 ,
기독교,흥남복음교회,전라북도 군산시 풍남길 21-4,전라북도 군산시 서흥남동843-19번지 ,063-445-2881
기독교,대흥교회,전라북도 군산시 삼화안길 29,전라북도 군산시 서흥남동803-12번지 ,063-463-8403
기독교,영생교회,전라북도 군산시 팔마로 113,전라북도 군산시 서흥남동824-9번지 ,063-462-6250
기독교,성령이미소짓는,전라북도 군산시 축동로 136,전라북도 군산시 서흥남동763-14번지 ,063-468-5912
기독교,주찬양교회,전라북도 군산시 서흥안길 115-1,전라북도 군산시 서흥남동822-25번지 ,063-462-5359
기독교,조촌동교회,전라북도 군산시 백릉로 118-8,전라북도 군산시 조촌동734-9번지 ,063-462-8291
기독교,한마음교회,전라북도 군산시 백릉로 247,전라북도 군산시 구암동307-10번지 ,063-442-9931
기독교,영광교회,전라북도 군산시 새터아랫길 3,전라북도 군산시 조촌동71-1번지 ,063-445-3091
기독교,경포교회,전라북도 군산시 부골1길 51,전라북도 군산시 조촌동538번지 ,063-453-5991
기독교,동군산교회,전라북도 군산시 부골2길 47-13,전라북도 군산시 조촌동552-1번지 ,063-452-5696
기독교,소망교회,전라북도 군산시 양안1길 46-1,전라북도 군산시 조촌동920-3번지 ,063-445-4665
기독교,은혜교회,전라북도 군산시 양안3길 40-3,전라북도 군산시 조촌동914-3번지 ,
기독교,대선교회,전라북도 군산시 양안3길 40-4,전라북도 군산시 조촌동913-4번지 ,
기독교,하늘샘교회,전라북도 군산시 동검다메길 34-2,전라북도 군산시 조촌동921-9번지 ,063-452-8191
기독교,동산교회,전라북도 군산시 부골1길 20,전라북도 군산시 조촌동739-59번지 ,063-452-1164
기독교,벧엘교회,전라북도 군산시 백릉안3길 10,전라북도 군산시 조촌동784-13번지 ,063-445-0245
기독교,군산성결교회,전라북도 군산시 백릉4길 43,전라북도 군산시 조촌동780-4번지 ,063-442-1004
기독교,군산은혜의교회,전라북도 군산시 백릉4길 12-1,전라북도 군산시 경장동493-29번지 ,063-445-1587
기독교,넘치는교회,전라북도 군산시 법원로 65,전라북도 군산시 조촌동878-12번지 ,
기독교,광휘교회,전라북도 군산시 조촌안3길 23-3,전라북도 군산시 조촌동850-1번지 ,
기독교,십자가사랑교회,전라북도 군산시 조촌안3길 24-2,전라북도 군산시 조촌동844-10번지 ,063-452-1404
기독교,번영교회,전라북도 군산시 번영로 38,전라북도 군산시 경장동488-1번지 ,063-446-9123
기독교,복받는 교회,전라북도 군산시 동검다메길 48,전라북도 군산시 조촌동912-7번지 ,070-8699-9138
기독교,섬김의 교회,전라북도 군산시 백릉안3길 12,전라북도 군산시 조촌동784-14번지 ,
기독교,그리심교회,전라북도 군산시 공단대로 16-8,전라북도 군산시 조촌동241-1번지 ,063-468-0091
기독교,생명샘교회,전라북도 군산시 경촌1길 12,전라북도 군산시 조촌동684-16번지 ,063-443-0691
기독교,순복음열방교회,전라북도 군산시 백릉안4길 34,전라북도 군산시 조촌동786-7번지 ,063-442-7779
기독교,군산소망교회,"전라북도 군산시 조촌2길 92-3, 2층",전라북도 군산시 조촌동833-7번지 2층,063-452-9958
기독교,사랑제일교회,전라북도 군산시 백릉로 56-1,전라북도 군산시 조촌동775-9번지 ,
기독교,벧엘교회,전라북도 군산시 조촌5길 12,전라북도 군산시 조촌동837-2번지 ,063-452-1004
기독교,추수하는교회,전라북도 군산시 조촌4길 90,전라북도 군산시 조촌동836번지 ,063-451-8960
기독교,밀알축복교회,"전라북도 군산시 미장길 29, 5층502호",전라북도 군산시 경장동510-1번지 5층 502호,
기독교,주임재교회,"전라북도 군산시 양안로99, 2층",전라북도 군산시 조촌동916-7번지 2층,063-446-6484
기독교,참조은교회,전라북도 군산시 진포로 183,전라북도 군산시 조촌동776-2번지 ,063-451-9182
기독교,예닮교회,"전라북도 군산시 문화로214, 5층",전라북도 군산시 경장동510-14번지 5층,063-443-0179
기독교,군산중앙교회(예수재림),전라북도 군산시 백릉4길 5,전라북도 군산시 경장동490-10번지 ,
기독교,새에덴교회,전라북도 군산시 미장길 31,전라북도 군산시 경장동510-17번지 ,063-445-2426
기독교,군산번영로교회,전라북도 군산시 조촌로 44,전라북도 군산시 조촌동753-1번지 ,
기독교,군산언약교회,전라북도 군산시 경암2길 9,전라북도 군산시 경장동483-30번지 ,
기독교,군산교회,전라북도 군산시 백릉4길 43,전라북도 군산시 조촌동780-4번지 ,063-442-1003
기독교,기쁨교회,전라북도 군산시 조촌안2길 23-5,전라북도 군산시 조촌동849-3번지 ,
기독교,생명나무교회,전라북도 군산시 조촌안2길 23-6,전라북도 군산시 조촌동848-3번지 ,
기독교,충만한 장로교회,전라북도 군산시 백릉로 222,전라북도 군산시 조촌동29-17번지 ,063-442-9931
기독교,비둠교회,전라북도 군산시 부골1길 37,전라북도 군산시 조촌동523-2번지 ,
기독교,신실교회,전라북도 군산시 조촌2길 83,전라북도 군산시 조촌동686-20번지 ,063-452-7680
기독교,의성벧엘교회,전라북도 군산시 조촌5길 72,전라북도 군산시 조촌동866-8번지 ,063-453-5799
기독교,삼위교회,전라북도 군산시 양안로 30,전라북도 군산시 조촌동860-1번지 ,063-452-8982
기독교,여의도 순복음교회,전라북도 군산시 진포로 160-1,전라북도 군산시 조촌동791-8번지 ,063-451-0998
기독교,거성교회,전라북도 군산시 진포로 127,전라북도 군산시 경장동504-6번지 ,063-446-5232
기독교,아름다운교회,전라북도 군산시 신촌1길 22,전라북도 군산시 조촌동761-25번지 ,063-452-8291
기독교,동광교회,전라북도 군산시 번영로 203,전라북도 군산시 조촌동764-15번지 ,063-452-6480
기독교,온누리교회(아펜젤로),전라북도 군산시 경촌안1길 20-20,전라북도 군산시 조촌동681-67번지 ,063-445-0624
기독교,행복한교회,전라북도 군산시 양안2길 8-11,전라북도 군산시 조촌동741-3번지 ,
기독교,성령충만한우리교회,전라북도 군산시 조촌로 17 2층,전라북도 군산시 조촌동898-9번지 2층,
기독교,충성교회,전라북도 군산시 서래안1길 11-8,전라북도 군산시 경암동627-40번지 ,063-446-2733
기독교,상록교회,전라북도 군산시 구암3.1로 56,전라북도 군산시 경암동609-47번지 ,063-442-8181
기독교,경암교회,전라북도 군산시 서래내길 66,전라북도 군산시 경암동609-51번지 ,063-443-1221
기독교,군산사랑의교회,전라북도 군산시 경암3길 59,전라북도 군산시 경암동645-8번지 ,063-445-1181
기독교,예흥교회,전라북도 군산시 경암안2길 50,전라북도 군산시 경암동656-32번지 ,063-462-8070
기독교,흰돌교회,전라북도 군산시 경암4길 25-7,전라북도 군산시 경암동665-13번지 ,063-442-6009
기독교,군산새일교회,전라북도 군산시 경암4길 26,전라북도 군산시 경암동661-23번지 ,
기독교,열매맺는교회,전라북도 군산시 경암안2길 58,전라북도 군산시 경암동657-2번지 ,063-446-2739
기독교,성화교회,전라북도 군산시 경촌안2길 26-1,전라북도 군산시 경암동547-11번지 ,063-442-0190
기독교,양지교회,전라북도 군산시 경촌안3길 33,전라북도 군산시 경암동543-16번지 ,063-442-4111
기독교,성실교회,전라북도 군산시 경촌1길 48,전라북도 군산시 경암동567-6번지 ,
기독교,늘소망교회,전라북도 군산시 경암3길 65-1,전라북도 군산시 경암동646-2번지 ,
기독교,승리교회,"전라북도 군산시 경포천동길 80, 1층",전라북도 군산시 경암동647-1번지 1층,063-446-0691
기독교,주님의 교회,전라북도 군산시 경암2길 17,전라북도 군산시 경암동676-8번지 ,
기독교,명석교회,전라북도 군산시 경촌1길 13,전라북도 군산시 경암동644-14번지 ,063-453-9155
기독교,물댄동산교회,전라북도 군산시 경포천동길 26,전라북도 군산시 경암동674-25번지 ,
기독교,대건교회,전라북도 군산시 경암1길 114,전라북도 군산시 경암동652-6번지 ,
기독교,하나되는교회,"전라북도 군산시 해망로 69-4, 2층",전라북도 군산시 경암동572-183번지 2층,063-445-0691
기독교,새소망교회,전라북도 군산시 경촌안3길 25-2,전라북도 군산시 경암동547-19번지 ,
기독교,중문교회,전라북도 군산시 진포로 198,전라북도 군산시 경암동686-12번지 ,063-445-3792
기독교,성신교회,전라북도 군산시 진포로 222-1,전라북도 군산시 경암동643-5번지 ,063-443-2223
기독교,에덴교회,전라북도 군산시 경암1길 65,전라북도 군산시 경암동674-23번지 ,063-445-1401
기독교,군산실로암교회,전라북도 군산시 경포천동길 42,전라북도 군산시 경암동673-6번지 ,063-471-0675
기독교,군산평안교회,전라북도 군산시 경암2길 15,전라북도 군산시 경암동685-24번지 ,063-465-5575
기독교,영성교회,전라북도 군산시 경암2길 8-4,전라북도 군산시 경암동683-6번지 ,063-443-5009
기독교,군산예수중심교회,전라북도 군산시 경암로 48,전라북도 군산시 경암동679-5번지 ,
기독교,열방교회,전라북도 군산시 경포천동길 36,전라북도 군산시 경암동674-2번지 ,063-451-8188
기독교,우리하나교회,전라북도 군산시 구암3.1로 111,전라북도 군산시 경암동590-7번지 ,063-446-9911
기독교,성암교회,전라북도 군산시 세풍길 20,전라북도 군산시 구암동396-5번지 ,063-446-1454
기독교,구암교회,전라북도 군산시 영명길 22,전라북도 군산시 구암동358-6번지 ,063-442-1892
기독교,내흥교회,전라북도 군산시 구암3.1로 219,전라북도 군산시 구암동377번지 ,070-4114-3458
기독교,구암감리교회,전라북도 군산시 서당길 56-6,전라북도 군산시 구암동59-18번지 ,063-443-0968
기독교,강림교회,전라북도 군산시 잠두2길 7,전라북도 군산시 구암동114번지 ,063-446-4927
기독교,한신교회,전라북도 군산시 마지골길 28,전라북도 군산시 구암동65-4번지 ,063-446-1592
기독교,다사랑교회,"전라북도 군산시 서당길9, 205호",전라북도 군산시 구암동65번지 205호,063-446-6574
기독교,엘소망교회,전라북도 군산시 양촌1길 52,전라북도 군산시 구암동280번지 ,
기독교,예섬교회,전라북도 군산시 구암3.1로 322-1,전라북도 군산시 구암동223-4번지 ,063-910-3221
기독교,군옥교회,전라북도 군산시 잠두2길 29,전라북도 군산시 구암동167-1번지 ,063-442-7292
기독교,말씀기도교회,전라북도 군산시 내흥1길 8,전라북도 군산시 구암동251-1번지 ,063-445-8291
기독교,순복음군산우리교회,전라북도 군산시 잠두2길 21,전라북도 군산시 구암동120-4번지 ,063-452-3725
기독교,주능력교회,전라북도 군산시 마지골길 27-10,전라북도 군산시 구암동94-2번지 ,063-445-3500
기독교,한마음교회,전라북도 군산시 백릉로 247,전라북도 군산시 구암동307-10번지 ,063-442-9931
기독교,선한목자교회,전라북도 군산시 백릉로 228,전라북도 군산시 구암동316-100번지 ,063-462-9135
기독교,함께하는교회,전라북도 군산시 서당길 26,전라북도 군산시 구암동64-25번지 ,063-453-5390
기독교,머릿돌교회,"전라북도 군산시 서당길 9, 303호",전라북도 군산시 구암동65번지 303호,063-451-0191
기독교,구세군동군산교회,전라북도 군산시 해령1길 100-3,전라북도 군산시 내흥동656-11번지 ,063-453-7414
기독교,가나교회,전라북도 군산시 내사2길 21,전라북도 군산시 사정동433번지 ,
기독교,군산중앙교회,전라북도 군산시 번영로 330,전라북도 군산시 사정동25-2번지 ,063-452-9191
기독교,생명로교회,전라북도 군산시 동안길 60-14,전라북도 군산시 개정동145-30번지 ,063-452-7621
기독교,늘함께하는교회,"전라북도 군산시 두란뜸2길 3, 201호",전라북도 군산시 사정동102번지 201호,063-451-5791
기독교,개정교회,전라북도 군산시 금동3길 8-7,전라북도 군산시 개정동442-15번지 ,063-452-5229
기독교,군산교회,전라북도 군산시 토성길 16-8,전라북도 군산시 사정동528-1번지 ,070-7121-7370
기독교,샘물교회,전라북도 군산시 금동안길 4,전라북도 군산시 사정동483-11번지 ,063-452-6295
기독교,창조교회,전라북도 군산시 달여길 32,전라북도 군산시 개정동28-30번지 ,
기독교,새문안교회,전라북도 군산시 진포안2길 32,전라북도 군산시 수송동10-9번지 ,063-463-1464
기독교,사랑의교회,전라북도 군산시 진포1길 17,전라북도 군산시 수송동410-2번지 ,063-471-9140
기독교,먼동교회,전라북도 군산시 축동1길 29,전라북도 군산시 수송동479-9번지 ,063-465-2702
기독교,남성교회,전라북도 군산시 의료원로 99-8,전라북도 군산시 지곡동289-30번지 ,063-468-4564
기독교,사랑마을교회,전라북도 군산시 진포안2길 22,전라북도 군산시 수송동10-3번지 ,063-461-2304
기독교,평강감리교회,"전라북도 군산시 축동안길 37, 206호",전라북도 군산시 수송동33-1번지 제일 206호,
기독교,남부교회,전라북도 군산시 축동안길 11,전라북도 군산시 수송동34-2번지 ,063-463-7311
기독교,대광교회,전라북도 군산시 진포3길 24-19,전라북도 군산시 수송동405-4번지 ,
기독교,삼광교회,전라북도 군산시 월명로 299,전라북도 군산시 수송동430-27번지 ,063-463-3337
기독교,평안교회,전라북도 군산시 축동3길 15,전라북도 군산시 수송동444-6번지 ,063-471-1003
기독교,평강교회,전라북도 군산시 남수송3길 19,전라북도 군산시 수송동812-3번지 ,063-466-3271
기독교,수송동교회,전라북도 군산시 진포2길 56,전라북도 군산시 수송동63-102번지 ,063-462-0688
기독교,삼학교회,전라북도 군산시 신평길 34,전라북도 군산시 수송동658-27번지 ,063-463-8043
기독교,맑은샘교회,전라북도 군산시 진포2길 26,전라북도 군산시 수송동70-11번지 ,063-461-1939
기독교,목양교회,전라북도 군산시 미장서로 136-21,전라북도 군산시 수송동7-15번지 ,063-462-7662
기독교,엘로힘교회,전라북도 군산시 상지곡안3길 27,전라북도 군산시 지곡동516-1번지 ,
기독교,하나충신교회,전라북도 군산시 수송남로 20,전라북도 군산시 수송동824번지 ,063-446-0101
기독교,추수교회,전라북도 군산시 상지곡안1길 16-1,전라북도 군산시 지곡동497-12번지 ,063-468-0642
기독교,삼성교회,전라북도 군산시 상지곡안1길 12-4,전라북도 군산시 지곡동499-1번지 ,063-467-0343
기독교,길벗교회,전라북도 군산시 상지곡안1길 6,전라북도 군산시 지곡동499-9번지 ,063-445-9182
기독교,행복한교회,전라북도 군산시 상지곡안2길 4-5,전라북도 군산시 지곡동502-20번지 ,063-464-0191
기독교,하림교회,전라북도 군산시 상지곡1길 10,전라북도 군산시 지곡동502-7번지 ,063-471-0691
기독교,군산참빛교회,전라북도 군산시 축동안3길8,전라북도 군산시 수송동804-1번지 ,
기독교,새하늘교회,전라북도 군산시 상지곡1길3-5,전라북도 군산시 지곡동505-11번지 ,063-465-9617
기독교,샬롬교회,전라북도 군산시 신지길15,전라북도 군산시 지곡동493-5번지 ,
기독교,하늘문교회,전라북도 군산시 동메1길8,전라북도 군산시 수송동758-37번지 ,063-463-5671
기독교,하늘이슬교회,전라북도 군산시 백토로213,전라북도 군산시 지곡동487-4번지 ,063-468-2055
기독교,따뜻한교회,"전라북도 군산시 축동로6, 상가동 206호",전라북도 군산시 수송동904번지 상가동 206호,
기독교,등대교회,전라북도 군산시 진포1길 44-1,전라북도 군산시 수송동65-5번지 ,063-471-5701
기독교,삼호교회,전라북도 군산시 상지곡안4길 73,전라북도 군산시 지곡동490-15번지 ,063-466-3516
기독교,하늘소망교회,전라북도 군산시 월명로 311,전라북도 군산시 수송동416-2번지 ,063-442-9595
기독교,아름다운교회,전라북도 군산시 상지곡1길30,전라북도 군산시 지곡동522-8번지 ,063-465-3272
기독교,새생명교회,전라북도 군산시 상지곡안2길 34,전라북도 군산시 지곡동510-2번지 ,063-910-8290
기독교,군산대한교회,전라북도 군산시 경포천로 136,전라북도 군산시 미장동396-2번지 ,063-442-9180
기독교,물댄동산교회,전라북도 군산시 남수송1길 3-4,전라북도 군산시 수송동816-8번지 ,070-8742-5280
기독교,군산명성교회,전라북도 군산시 수송7길 22,전라북도 군산시 수송동876-3번지 ,070-7750-5951
기독교,하늘두레교회,전라북도 군산시 계산2길 10-13,전라북도 군산시 지곡동48-36번지 ,063-471-7591
기독교,행복한교회,전라북도 군산시 상지곡안2길 4-5,전라북도 군산시 지곡동502-20번지 ,063-464-0191
기독교,시은소교회,전라북도 군산시 진포안1길 7-1,전라북도 군산시 수송동69-11번지 ,063-464-7402
기독교,건강한교회,전라북도 군산시 축동안길 67,전라북도 군산시 수송동442-26번지 ,
기독교,사랑과은혜교회,전라북도 군산시 진포2길 18,전라북도 군산시 수송동401-14번지 ,070-7804-2727
기독교,거룩한빛소망교회,"전라북도 군산시 상지곡2길 9-1, 2층",전라북도 군산시 지곡동527번지 2층,
기독교,풍산교회,전라북도 군산시 축동안2길 31,전라북도 군산시 수송동959번지 ,063-462-4317
기독교,복음전하는교회,전라북도 군산시 상지곡안4길 16,전라북도 군산시 지곡동539-7번지 ,063-465-0191
기독교,수송제일교회,전라북도 군산시 축동안3길 26,전라북도 군산시 수송동806-2번지 ,063-468-0153
기독교,주기쁨교회,전라북도 군산시 신평안길 46-6,전라북도 군산시 지곡동543-7번지 ,063-446-7328
기독교,바울비전교회,전라북도 군산시 상지곡안4길 52,전라북도 군산시 지곡동488-10번지 ,063-471-0054
기독교,군산지방교회,전라북도 군산시 상지곡2길 13,전라북도 군산시 지곡동529번지 ,063-464-3220
기독교,오직예수님의교회,"전라북도 군산시 월명로 216, 6층",전라북도 군산시 수송동852-5번지 6층,063-464-3334
기독교,군산임마누엘선교교회,"전라북도 군산시 문화로 52, 지하2층",전라북도 군산시 수송동757-1번지 지하2층,063-468-3132
기독교,시민교회,전라북도 군산시 상지곡3길 17-4,전라북도 군산시 지곡동508-6번지 ,063-467-1281
기독교,새생명교회,전라북도 군산시 상지곡안2길 34,전라북도 군산시 지곡동510-2번지 ,063-463-8291
기독교,은광교회,전라북도 군산시 옥산면 월명로 101,전라북도 군산시 옥산면 당북리430-9번지 ,063-467-5131
기독교,아름다운교회,전라북도 군산시 상지곡1길 30,전라북도 군산시 지곡동522-8번지 ,063-465-3272
기독교,돌베개교회,전라북도 군산시 상지곡안3길 12,전라북도 군산시 지곡동530-1번지 ,063-468-9582
기독교,소망교회,전라북도 군산시 상지곡안3길 10,전라북도 군산시 지곡동530-2번지 ,063-468-5221
기독교,연안교회,전라북도 군산시 상지곡안3길 26-6,전라북도 군산시 지곡동535-2번지 ,063-471-0061
기독교,예성교회,전라북도 군산시 신평안길 32,전라북도 군산시 지곡동543-2번지 ,063-468-7383
기독교,군장교회,전라북도 군산시 신평1길 18,전라북도 군산시 지곡동556-1번지 ,063-468-2297
기독교,한일교회,전라북도 군산시 경포천로 80,전라북도 군산시 미장동52-31번지 ,063-446-0786
기독교,필그림교회,전라북도 군산시 들땅리길 10,전라북도 군산시 미장동398번지 ,063-445-2301
기독교,이음교회,전라북도 군산시 경포천로 142-6,전라북도 군산시 미장동391번지 ,063-463-9747
기독교,비전교회,전라북도 군산시 미장서로 28,전라북도 군산시 수송동19-13번지 ,063-442-7732
기독교,샤론교회,전라북도 군산시 동메2길 39,전라북도 군산시 수송동430-37번지 ,063-463-4370
기독교,새롭게하소서교회,"전라북도 군산시 상신5길 5, 2층",전라북도 군산시 나운동744-1번지 2층,063-462-9004
기독교,성복음교회,전라북도 군산시 상나운로 102,전라북도 군산시 나운동746-5번지 ,063-467-4394
기독교,성림교회,전라북도 군산시 상나운로 119-6,전라북도 군산시 나운동738-5번지 ,063-466-8196
기독교,주보라교회,전라북도 군산시 상신안길 50,전라북도 군산시 나운동740-1번지 ,063-443-0263
기독교,동문교회,전라북도 군산시 상신5길 22,전라북도 군산시 나운동740-4번지 ,063-463-7216
기독교,일신교회,전라북도 군산시 상신7길 12,전라북도 군산시 나운동734-5번지 ,063-462-7676
기독교,정다운교회,전라북도 군산시 상신4길 12-4,전라북도 군산시 나운동751-8번지 ,063-452-0603
기독교,예수마을교회,전라북도 군산시 상신6길 11-4,전라북도 군산시 나운동752-3번지 ,063-465-7963
기독교,주소망교회,전라북도 군산시 상신4길 6-1,전라북도 군산시 나운동751-14번지 ,063-452-7064
기독교,군산주원교회,전라북도 군산시 상신7길 20,전라북도 군산시 나운동736-3번지 ,
기독교,군산성은교회,전라북도 군산시 상신3길 29,전라북도 군산시 나운동761-1번지 ,063-453-9191
기독교,새길교회,전라북도 군산시 상신1길 10-3,전라북도 군산시 나운동764-6번지 ,070-8275-8756
기독교,양무리교회,전라북도 군산시 상신3길 9-4,전라북도 군산시 나운동764-3번지 ,063-463-1608
기독교,호산나교회,전라북도 군산시 상신3길 17,전라북도 군산시 나운동763-2번지 ,063-465-9172
기독교,밀알교회,전라북도 군산시 신설로 14,전라북도 군산시 나운동766-3번지 ,063-463-5554
기독교,군산성령교회,전라북도 군산시 상신2길 16-3,전라북도 군산시 나운동757-4번지 ,063-465-4719
기독교,믿음교회,전라북도 군산시 나운우회로 87,전라북도 군산시 나운동755-13번지 ,063-463-0343
기독교,군산일광교회,전라북도 군산시 신설1길 43,전라북도 군산시 나운동774-5번지 ,063-465-0481
기독교,주바라기교회,전라북도 군산시 상신2길 5-5,전라북도 군산시 나운동768-10번지 ,070-8291-4042
기독교,부활교회,전라북도 군산시 상신안길 25,전라북도 군산시 나운동768-4번지 ,063-462-1007
기독교,주는교회,전라북도 군산시 신설로 46-5,전라북도 군산시 나운동771-9번지 ,
기독교,늘사랑교회,전라북도 군산시 신설1길 44,전라북도 군산시 나운동773-7번지 ,063-465-5197
기독교,군산갈보리교회,전라북도 군산시 신설1길 22,전라북도 군산시 나운동778-8번지 ,063-463-3005
기독교,든든한교회,전라북도 군산시 신설1길 18,전라북도 군산시 나운동778-6번지 ,063-461-6285
기독교,진실교회,전라북도 군산시 문화안길 10,전라북도 군산시 나운동549-19번지 ,063-468-6217
기독교,다윗장막교회,전라북도 군산시 대학로 292,전라북도 군산시 나운동789-25번지 ,
기독교,열방은혜교회,"전라북도 군산시 대학로 288, 2층",전라북도 군산시 나운동780-27번지 2층,063-464-9192
기독교,생수교회,전라북도 군산시 신설2길 8,전라북도 군산시 나운동781-8번지 ,
기독교,예안교회,전라북도 군산시 상나운안길 55-2,전라북도 군산시 나운동782-8번지 ,063-465-2677
기독교,참사랑교회,전라북도 군산시 신설3길 8,전라북도 군산시 나운동788-8번지 ,063-445-4090
기독교,중문침례교회,전라북도 군산시 신설2길 17,전라북도 군산시 나운동786-1번지 ,063-467-0192
기독교,예수방주교회,"전라북도 군산시 대학로 316, 202호",전라북도 군산시 나운동795-2번지 202호,
기독교,순복음산돌교회,전라북도 군산시 상나운안길 11,전라북도 군산시 나운동798-7번지 ,063-468-7027
기독교,백두산교회,전라북도 군산시 공단대로 472,전라북도 군산시 나운동807-13번지 ,063-465-9820
기독교,하나교회,전라북도 군산시 상신5길 21,전라북도 군산시 나운동748-2번지 ,063-467-1741
기독교,가람교회,"전라북도 군산시 상나운1길 27-1, 2층",전라북도 군산시 나운동800-11번지 2층,063-466-1091
기독교,금성교회,전라북도 군산시 월명공원2길 30,전라북도 군산시 나운동1125번지 ,063-465-1125
기독교,아리울교회,전라북도 군산시 신설로 27,전라북도 군산시 나운동778-1번지 ,070-4076-0191
기독교,대군산교회,"전라북도 군산시 상나운1길 26, 201호",전라북도 군산시 나운동1155-9번지 201호,063-466-8420
기독교,큰나무교회,전라북도 군산시 하신2길 19,전라북도 군산시 나운동812-5번지 ,063-911-0675
기독교,그루터기교회,전라북도 군산시 대학로 237,전라북도 군산시 나운동660-6번지 ,063-467-3927
기독교,충진교회,전라북도 군산시 하나운로 118,전라북도 군산시 나운동501-2번지 ,
기독교,양문교회,전라북도 군산시 하신안길 57,전라북도 군산시 나운동577-3번지 ,063-465-0860
기독교,민생교회,"전라북도 군산시 하신재길 23, 204호",전라북도 군산시 나운동555-1번지 204호,063-462-8713
기독교,새벽별교회,전라북도 군산시 하신2길 8-5,전라북도 군산시 나운동823-6번지 ,063-468-6139
기독교,새온교회,전라북도 군산시 대학로 294,전라북도 군산시 나운동789-27번지 ,063-471-9113
기독교,명성교회,전라북도 군산시 상신4길 15-3,전라북도 군산시 나운동758-8번지 ,
기독교,주손교회,"전라북도 군산시 나운로 70, 1205호",전라북도 군산시 나운동834-1번지 대명 1205호,
기독교,반석중앙교회,"전라북도 군산시 하신안길12, 2층",전라북도 군산시 나운동832-16번지 2층,063-466-8277
기독교,예수만나는교회,전라북도 군산시 상나운로 109-1,전라북도 군산시 나운동740-5번지 ,
기독교,축복교회,"전라북도 군산시 신설로 8-1, 3층",전라북도 군산시 나운동766-20번지 3층,070-7801-9982
기독교,새샘교회,"전라북도 군산시 대학로 248, 2층",전라북도 군산시 나운동744-3번지 2층,063-465-9038
기독교,늘사랑교회,전라북도 군산시 하신안길 64,전라북도 군산시 나운동567-1번지 ,063-462-5511
기독교,주영광교회,전라북도 군산시 공단대로460,전라북도 군산시 나운동806-7번지 ,070-8803-2255
기독교,새만금교회,"전라북도 군산시 하나운안1길 40, 202호",전라북도 군산시 나운동835번지 주공3차아파트 202호,063-911-3339
기독교,하늘시민교회,"전라북도 군산시 하나운안1길 37-1, 4층",전라북도 군산시 나운동837-1번지 4층,
기독교,함께하는교회,전라북도 군산시 공단대로 436,전라북도 군산시 나운동842-9번지 ,
기독교,중앙교회,전라북도 군산시 문화1길 2-12,전라북도 군산시 나운동610-5번지 ,063-466-6635
기독교,우리교회,"전라북도 군산시 공단대로 454, 4층",전라북도 군산시 나운동806-6번지 4층,063-452-0191
기독교,세계로교회,전라북도 군산시 대학로 269,전라북도 군산시 나운동825-8번지 ,
기독교,아름다운교회,전라북도 군산시 상나운로 86,전라북도 군산시 나운동766-28번지 ,
기독교,평화교회(예수생명),전라북도 군산시 하나운2길 31-1,전라북도 군산시 나운동833-4번지 ,
기독교,신광교회,전라북도 군산시 신설1길 19,전라북도 군산시 나운동783-1번지 ,
기독교,신양교회,전라북도 군산시 하신3길 16-4,전라북도 군산시 나운동811-3번지 ,063-467-1583
기독교,주안교회,전라북도 군산시 하신안길 48,전라북도 군산시 나운동814-2번지 ,063-462-3663
기독교,에이스중앙교회,전라북도 군산시 하신3길 28,전라북도 군산시 나운동814-1번지 ,063-461-3311
기독교,한사랑교회,전라북도 군산시 하신2길 29,전라북도 군산시 나운동814-7번지 ,063-461-3422
기독교,소망교회,전라북도 군산시 하신1길 35,전라북도 군산시 나운동817-5번지 ,063-463-2003
기독교,예손교회,전라북도 군산시 하신2길 33-5,전라북도 군산시 나운동815-3번지 ,
기독교,복된교회,전라북도 군산시 하나운2길 27-3,전라북도 군산시 나운동832-8번지 ,063-463-0591
기독교,하늘씨앗교회,전라북도 군산시 나운로 82,전라북도 군산시 나운동834-7번지 ,
기독교,지평선교회,전라북도 군산시 하나운안1길 33,전라북도 군산시 나운동837-7번지 ,063-467-0676
기독교,이레교회,전라북도 군산시 하나운3길 19,전라북도 군산시 나운동835-3번지 ,063-442-3517
기독교,지구촌교회,전라북도 군산시 공단대로 440,전라북도 군산시 나운동838-12번지 ,063-445-0872
기독교,순복음군산교회,전라북도 군산시 하나운안1길 40-1,전라북도 군산시 나운동835-9번지 ,063-463-3124
기독교,새희망교회,전라북도 군산시 하나운안2길 16,전라북도 군산시 나운동839-13번지 ,063-461-0228
기독교,군산교회,전라북도 군산시 하나운안2길 12,전라북도 군산시 나운동839-7번지 ,063-467-5415
기독교,군산은성교회,전라북도 군산시 하나운안1길 30-2,,063-463-9182
기독교,다운교회,전라북도 군산시 하나운3길 22,전라북도 군산시 나운동840-3번지 ,
기독교,예수인교회,전라북도 군산시 상나운로 120,전라북도 군산시 나운동741-14번지 ,465-0316
기독교,생명샘교회,전라북도 군산시 상신5길 21,전라북도 군산시 나운동748-2번지 ,
기독교,풍성한교회,전라북도 군산시 나운우회로 38,전라북도 군산시 나운동731번지 ,463-7001
기독교,은성교회,전라북도 군산시 하나운3길 16,전라북도 군산시 나운동839-5번지 ,
기독교,강복교회,전라북도 군산시 대학로 245,전라북도 군산시 나운동809-1번지 ,063-442-7591
기독교,새남교회,전라북도 군산시 공단대로 342,전라북도 군산시 나운동137-8번지 ,063-465-9216
기독교,주영광교회,전라북도 군산시 공단대로 352,전라북도 군산시 나운동136-1번지 ,
기독교,하은교회,"전라북도 군산시 나운로 99, 3층",전라북도 군산시 나운동365번지 3층,
기독교,새군산교회,전라북도 군산시 나운안길 27,전라북도 군산시 나운동101-12번지 ,063-468-6034
기독교,중부교회,전라북도 군산시 나운안1길 25,전라북도 군산시 나운동101-15번지 ,063-468-6456
기독교,우리교회,전라북도 군산시 나운안1길 36,전라북도 군산시 나운동117-6번지 ,063-471-9192
기독교,반석교회,전라북도 군산시 백토로 192,전라북도 군산시 나운동114-33번지 ,063-471-0191
기독교,생명나무교회,전라북도 군산시 나운4길 17,전라북도 군산시 나운동380번지 ,
기독교,새벽교회,전라북도 군산시 나운3길 4-9,전라북도 군산시 나운동376번지 ,
기독교,수성교회,전라북도 군산시 서수송안2길 15-3,전라북도 군산시 나운동1532-11번지 ,
기독교,주임재교회,전라북도 군산시 신설1길 16,전라북도 군산시 나운동779-19번지 ,063-468-8291
기독교,군산농아인교회,"전라북도 군산시 백토로 116, 501",전라북도 군산시 나운동520-2번지 501호,
기독교,섬돌교회,"전라북도 군산시 나운로40, 5층",전라북도 군산시 나운동816-3번지 5층,
기독교,충진교회,전라북도 군산시 하나운로 118,전라북도 군산시 나운동501-2번지 ,063-461-2970
기독교,낙원장로교회,"전라북도 군산시 나운안3길 10-4, 3층",전라북도 군산시 나운동520-7번지 3층,063-468-9998
기독교,새가나안교회,"전라북도 군산시 나운안2길 11, 2층",전라북도 군산시 나운동522-15번지 2층,070-8836-6753
기독교,혜원교회,전라북도 군산시 나운1길 38-6,전라북도 군산시 나운동1520-1번지 ,063-465-9101
기독교,제자들교회,전라북도 군산시 서수송안2길 17,전라북도 군산시 나운동1531번지 ,063-471-5138
기독교,은파교회,전라북도 군산시 백토로 279,전라북도 군산시 나운동1517번지 ,063-463-5335
기독교,지곡교회,전라북도 군산시 백토로 250,전라북도 군산시 나운동156-5번지 ,063-462-8019
기독교,드림교회,전라북도 군산시 하나운로 13,전라북도 군산시 나운동153-9번지 ,063-462-6063
기독교,안디옥교회,전라북도 군산시 한밭3길 30,전라북도 군산시 나운동1188-34번지 ,063-463-9911
기독교,나운동 교회,전라북도 군산시 한밭1길 40,전라북도 군산시 나운동1188-26번지 ,063-464-8291
기독교,새군산교회,전라북도 군산시 현충로 39,전라북도 군산시 나운동1257-1번지 ,063-463-9190
기독교,산성교회,전라북도 군산시 현충로 34-8,,063-461-6799
기독교,힐링교회,전라북도 군산시 부곡2길 12,전라북도 군산시 나운동868-20번지 ,063-463-1290
기독교,예닮교회,전라북도 군산시 현충로 87-8,전라북도 군산시 나운동1303-2번지 ,
기독교,승리교회,전라북도 군산시 대학로 414,전라북도 군산시 나운동870-1번지 ,063-468-0688
기독교,대양교회,전라북도 군산시 부곡로 18,전라북도 군산시 나운동1255-9번지 ,063-462-2018
기독교,창진교회,전라북도 군산시 현충로30,전라북도 군산시 나운동869-15번지 ,063-462-3613
기독교,하늘비젼교회,전라북도 군산시 현충로34,전라북도 군산시 나운동868-12번지 ,
기독교,군산침례교회,전라북도 군산시 부곡5길 14-2,전라북도 군산시 나운동852-1번지 ,063-467-2888
기독교,소생교회,전라북도 군산시 부곡로 70,전라북도 군산시 미룡동474-20번지 ,
기독교,성민교회,전라북도 군산시 칠성5길 36,전라북도 군산시 미룡동846-4번지 ,063-461-0560
기독교,광명교회,전라북도 군산시 칠성5길 4,전라북도 군산시 미룡동860-7번지 ,063-461-2466
기독교,군산회복교회,전라북도 군산시 미제길 33,전라북도 군산시 미룡동417-7번지 ,063-468-9179
기독교,새빛교회,전라북도 군산시 미제길 42-19,전라북도 군산시 미룡동434번지 ,063-466-2740
기독교,임마누엘교회,전라북도 군산시 한밭1길 33,전라북도 군산시 나운동845-10번지 ,063-471-9182
기독교,양원교회,전라북도 군산시 미제길 10-6,전라북도 군산시 미룡동394-1번지 ,
기독교,은총교회,전라북도 군산시 미제길 10-22,전라북도 군산시 미룡동409번지 ,063-467-8483
기독교,좋은교회,전라북도 군산시 황룡로 35,전라북도 군산시 미룡동376-1번지 ,063-468-2758
기독교,군산정은교회,전라북도 군산시 한밭로 19,전라북도 군산시 나운동1195-59번지 ,063-471-1192
기독교,푸른교회,전라북도 군산시 은파순환길 156-9,전라북도 군산시 미룡동59-46번지 ,063-466-7976
기독교,군산지구촌교회,전라북도 군산시 용둔길 11,전라북도 군산시 미룡동117-1번지 ,
기독교,서해안교회,"전라북도 군산시 의료원로121, 2층",전라북도 군산시 나운동156-7번지 2층,
기독교,지붕있는교회,전라북도 군산시 황룡1길 29,전라북도 군산시 미룡동895-1번지 ,070-8688-0912
기독교,소중한교회,전라북도 군산시 미제길 22,전라북도 군산시 미룡동357-1번지 ,
기독교,주사랑장로교회,전라북도 군산시 미제3길 25,전라북도 군산시 미룡동384번지 ,063-467-9182
기독교,쉴만한물가감리교회,전라북도 군산시 미제4길 13,전라북도 군산시 미룡동378-8번지 ,
기독교,군산 남문교회,전라북도 군산시 용둔길 37,전라북도 군산시 미룡동167번지 ,
기독교,원당교회,전라북도 군산시 원당길 55-6,전라북도 군산시 미룡동604번지 ,063-468-0238
기독교,푸르른 교회,전라북도 군산시 원당길 73-33,전라북도 군산시 미룡동619번지 ,063-468-1114
기독교,신관교회,전라북도 군산시 신촌남길 21,전라북도 군산시 신관동42-10번지 ,063-462-0251
기독교,우리들교회,전라북도 군산시 한밭1길 49,전라북도 군산시 나운동844-4번지 ,
기독교,하원성결교회,전라북도 군산시 개사길 54,전라북도 군산시 개사동20-4번지 ,063-464-9807
기독교,열방교회,전라북도 군산시 신촌북길 44,전라북도 군산시 신관동178-1번지 ,
기독교,성은교회,전라북도 군산시 공단대로 571,전라북도 군산시 소룡동1542-3번지 ,
기독교,주성교회,전라북도 군산시 소룡길 74,전라북도 군산시 소룡동1545-9번지 ,063-467-5020
기독교,다솜교회,전라북도 군산시 칠성6길 170,전라북도 군산시 소룡동1564-6번지 ,063-465-9374
기독교,성락교회,전라북도 군산시 설림안3길 14,전라북도 군산시 소룡동1383-26번지 ,063-446-0084
기독교,풍원교회,전라북도 군산시 풍전2길 25,전라북도 군산시 소룡동855-1번지 ,
기독교,새만금명성교회,전라북도 군산시 분멀안길 49,전라북도 군산시 오식도동658-4번지 ,063-462-9199
기독교,서해중앙교회,전라북도 군산시 설림5길 69,전라북도 군산시 소룡동1536-13번지 ,063-465-1643
기독교,진흥교회,전라북도 군산시 설림2길 34-1,전라북도 군산시 소룡동1348-1번지 ,063-465-2883
기독교,선한목자교회,전라북도 군산시 설림안2길 37,전라북도 군산시 소룡동1377-3번지 ,
기독교,동광교회,전라북도 군산시 해망로 447 3층,전라북도 군산시 소룡동1010번지 성원상떼빌 3층,
기독교,새벽교회,전라북도 군산시 설림5길 28,전라북도 군산시 소룡동1531-2번지 ,063-462-6987
기독교,주마음교회,전라북도 군산시 소룡안1길 11,전라북도 군산시 소룡동1547-7번지 ,063-462-2998
기독교,서부중앙교회,전라북도 군산시 소룡2길 17,전라북도 군산시 소룡동1566-5번지 ,
기독교,기쁨나눔교회,전라북도 군산시 산단남북로 228-7,전라북도 군산시 오식도동592-13번지 ,
기독교,하울교회,전라북도 군산시 설림안2길 95,전라북도 군산시 소룡동1393-162번지 ,070-4791-2073
기독교,우리교회,전라북도 군산시 칠성5길 166,전라북도 군산시 소룡동1563-6번지 ,063-465-1205
기독교,주품교회,전라북도 군산시 동아로 163,전라북도 군산시 소룡동1543-1번지 ,063-466-8291
기독교,하나교회,전라북도 군산시 풍전2길 12-6,전라북도 군산시 소룡동884번지 ,
기독교,주향교회,전라북도 군산시 솔꼬지1길 27,전라북도 군산시 소룡동1054-9번지 ,063-468-9101
기독교,샬롬교회,"전라북도 군산시 칠성4길 186, 가동 101호",전라북도 군산시 소룡동1551-4번지 명성타운 가동 101호,
기독교,라이프교회,"전라북도 군산시 공항로 85, 3층",전라북도 군산시 소룡동1525-13번지 3층,063-467-1296
기독교,예수교회,전라북도 군산시 분멀길 29-15,,
기독교,소망교회,"전라북도 군산시 설림5길 66, 나동 105호",전라북도 군산시 소룡동1528-17번지 소룡빌라 나동 105호,063-461-7251
기독교,건강한교회,"전라북도 군산시 칠성안2길 95, 208호",전라북도 군산시 소룡동1546-4번지 208호,
기독교,벧엘교회,전라북도 군산시 칠성7길 124,전라북도 군산시 소룡동1548-10번지 ,063-465-9111
기독교,부르심교회,전라북도 군산시 공항로 64,전라북도 군산시 소룡동849번지 ,
기독교,신성교회,전라북도 군산시 소룡안2길 33,전라북도 군산시 소룡동1546-12번지 ,063-461-0696
기독교,영광교회,전라북도 군산시 칠성7길 113,전라북도 군산시 소룡동1549-8번지 ,063-466-1610
기독교,은혜로교회,전라북도 군산시 소룡안1길 28,전라북도 군산시 소룡동1572-3번지 ,063-467-8046
기독교,꿈대로되는교회,전라북도 군산시 공항로 32,전라북도 군산시 소룡동895번지 ,063-467-0691
기독교,늘기쁨교회,전라북도 군산시 설림길 6,전라북도 군산시 소룡동1533-17번지 ,
기독교,에바다교회,전라북도 군산시 칠성안2길 102,전라북도 군산시 소룡동1545-8번지 ,
기독교,동행교회,전라북도 군산시 소룡안1길 29,전라북도 군산시 소룡동1573-7번지 ,
기독교,주아내교회,전라북도 군산시 칠성7길 109,전라북도 군산시 소룡동1571-1번지 ,
기독교,예일교회,전라북도 군산시 설림4길 26,전라북도 군산시 소룡동1527-1번지 ,
기독교,은총교회,전라북도 군산시 분멀2길 49,전라북도 군산시 오식도동682번지 ,063-468-0578
기독교,영생교회,전라북도 군산시 거사길 73,전라북도 군산시 개사동592-3번지 ,063-466-2891
기독교,해성교회,전라북도 군산시 공항로 384,전라북도 군산시 산북동2707번지 ,063-466-3177
기독교,헤브론교회,전라북도 군산시 임사길 35,전라북도 군산시 산북동788-7번지 ,
기독교,광성교회,전라북도 군산시 신창안길 49,전라북도 군산시 산북동2642-15번지 ,070-8275-6236
기독교,아펜젤러 순교기념교회,전라북도 군산시 내초안길 12,전라북도 군산시 내초동109-16번지 ,063-467-2478
기독교,외항교회,전라북도 군산시 장전길 32,전라북도 군산시 산북동1643-1번지 ,063-462-1033
기독교,조은교회,전라북도 군산시 칠성안2길 57,전라북도 군산시 산북동3544-5번지 ,063-463-1950
기독교,선목교회,전라북도 군산시 칠성4길 140,전라북도 군산시 산북동3550-9번지 ,
기독교,성지교회,전라북도 군산시 칠성6길 134,전라북도 군산시 산북동3548-3번지 ,063-462-7426
기독교,신실한감리교회,전라북도 군산시 동아로 148,전라북도 군산시 산북동3541번지 ,
기독교,산북교회,전라북도 군산시 동아로 5,전라북도 군산시 산북동3600-4번지 ,063-465-1830
기독교,하영교회,전라북도 군산시 부원로 119,전라북도 군산시 산북동3588-7번지 ,
기독교,양정교회,전라북도 군산시 소룡안1길 41,전라북도 군산시 산북동3537-5번지 ,063-468-7153
기독교,기쁜소식군산교회,전라북도 군산시 소룡안1길 51,전라북도 군산시 산북동3545-1번지 ,063-468-3216
기독교,군산화평교회,전라북도 군산시 원산북1길 14,전라북도 군산시 산북동3596-1번지 ,063-468-3440
기독교,성복중앙교회,전라북도 군산시 칠성2길 39,전라북도 군산시 산북동3622-11번지 ,
기독교,주열방교회,전라북도 군산시 칠성2길 102,전라북도 군산시 산북동3572-15번지 ,063-468-0191
기독교,푸른초장교회,"전라북도 군산시 동아로 145-1, 107동 405호",전라북도 군산시 산북동3542번지 주공 107동 405호,
기독교,성운교회,전라북도 군산시 소룡안1길 52,전라북도 군산시 산북동3546-2번지 ,063-471-8291
기독교,선한교회,전라북도 군산시 동아로 130,전라북도 군산시 산북동1-2번지 ,063-471-7005
기독교,은혜교회,전라북도 군산시 문창2길 19,전라북도 군산시 산북동2927-1번지 ,
기독교,예본교회,"전라북도 군산시 동아로 134, 202호",전라북도 군산시 산북동3541-14번지 202호,471-0690
기독교,회복교회,전라북도 군산시 칠성안4길 39,전라북도 군산시 산북동3637번지 ,063-465-7107
기독교,다움교회,전라북도 군산시 칠성5길 108,전라북도 군산시 산북동3564-5번지 ,
기독교,이웃사랑교회,전라북도 군산시 화흥길 28,전라북도 군산시 산북동420번지 ,
기독교,소망교회,전라북도 군산시 원산북2길 39,전라북도 군산시 산북동3579번지 ,
기독교,예문교회,전라북도 군산시 칠성안4길 39,전라북도 군산시 산북동3637번지 ,
기독교,찬양교회,전라북도 군산시 칠성3길 109,전라북도 군산시 산북동3567-1번지 ,063-462-0433
기독교,푸른초장교회,전라북도 군산시 칠성3길 79,전라북도 군산시 산북동3597-1번지 ,063-466-3574
기독교,주찬양교회,전라북도 군산시 칠성3길 89,전라북도 군산시 산북동3572-4번지 ,063-466-3310
기독교,반석은혜교회,전라북도 군산시 칠성4길 106,전라북도 군산시 산북동3574-11번지 ,063-465-5040
기독교,주성교회,전라북도 군산시 칠성4길 60,전라북도 군산시 산북동3614-6번지 ,063-471-0409
기독교,미성중앙교회,전라북도 군산시 칠성5길 70,전라북도 군산시 산북동3605-1번지 ,063-462-4745
기독교,두란노교회,전라북도 군산시 칠성5길 124,전라북도 군산시 산북동3558번지 ,063-467-2280
기독교,군산한사랑교회,전라북도 군산시 칠성6길 96,전라북도 군산시 산북동3576-6번지 ,063-465-8292
기독교,서군산성결교회,전라북도 군산시 개원길 11-1,전라북도 군산시 산북동1839-1번지 ,063-461-1773
기독교,열린축복교회,"전라북도 군산시 동아로 148, 307호",전라북도 군산시 산북동3541번지 307호,
기독교,천성교회,전라북도 군산시 칠성안2길 51,전라북도 군산시 산북동3545-4번지 ,063-462-9409
사찰,도안사,전라북도 군산시 대야면 내기길 2-7,전라북도 군산시 대야면 죽산리306번지 ,
사찰,광법사,전라북도 군산시 대야면 서악길106-164,전라북도 군산시 대야면 산월리산137번지 ,063-451-2505
사찰,보천사,전라북도 군산시 서수면 내무장길 249,전라북도 군산시 서수면 축동리634-1번지 ,063-453-2306
사찰,상주사,전라북도 군산시 서수면 함안로 57-29,전라북도 군산시 서수면 축동리544번지 ,063-453-7800
사찰,한민족불교,전라북도 군산시 서수면 내무장길 151-90,전라북도 군산시 서수면 축동리715-8번지 ,063-453-2785
사찰,보성사,전라북도 군산시 성산면 창안길 37-29,전라북도 군산시 성산면 창오리산111-1번지 ,063-453-2970
사찰,삼보사,전라북도 군산시 성산면 환동길 26,전라북도 군산시 성산면 도암리602-1번지 ,063-453-4742
사찰,성흥사,전라북도 군산시 성산면 오성로 134-16,전라북도 군산시 성산면 둔덕리140번지 ,063-453-0050
사찰,태고종성흥사,전라북도 군산시 성산면 큰골길 32-65,전라북도 군산시 성산면 둔덕리산26-5번지 ,
사찰,월정사,전라북도 군산시 성산면 십자들로 211,전라북도 군산시 성산면 여방리647번지 ,063-453-0991
사찰,일광사,전라북도 군산시 성산면 수심길 71-26,전라북도 군산시 성산면 여방리697-3번지 ,063-453-9045
사찰,은적사,전라북도 군산시 설림3길 49,전라북도 군산시 소룡동1332번지 ,063-466-4526
사찰,정념사,전라북도 군산시 칠성6길 4,전라북도 군산시 미룡동861-9번지 ,
사찰,내원암,전라북도 군산시 상신안길 9,전라북도 군산시 나운동776-2번지 ,
사찰,관음사,전라북도 군산시 상신4길 25-2,전라북도 군산시 나운동755-1번지 ,063-471-0198
사찰,삼불사,전라북도 군산시 월명안길 45,전라북도 군산시 월명동산19-17번지 ,
사찰,정토법당,"전라북도 군산시 번영로 72, 402~403호",전라북도 군산시 경장동510-15번지 ,
사찰,백운사,전라북도 군산시 월명공원1길 172-11,전라북도 군산시 송풍동산12-7번지 ,063-462-6318
사찰,염불사,전라북도 군산시 월명공원1길 134,전라북도 군산시 송풍동989-2번지 ,063-462-8570
사찰,수도암,전라북도 군산시 회현면 자골길 74,전라북도 군산시 회현면 고사리551번지 ,
사찰,운심사,전라북도 군산시 대야면 오동길 30-28,전라북도 군산시 대야면 산월리751-2번지 ,
사찰,지장암,전라북도 군산시 개정면 원아산2길 135,전라북도 군산시 개정면 아산리산102번지 ,063-451-3960
사찰,성불사,전라북도 군산시 서래내길 34,전라북도 군산시 경암동615-11번지 ,063-445-3266
사찰,불주사,전라북도 군산시 나포면 군둔길226,전라북도 군산시 나포면 장상리838번지 ,063-451-1518
사찰,보탑정사,전라북도 군산시 대야면 탑동길 13-48,전라북도 군산시 대야면 죽산리167-1번지 ,063-451-2410
사찰,정토사(태고종),전라북도 군산시 옥구읍 선제길 115,전라북도 군산시 옥구읍 선제리585-4번지 ,
사찰,보현사,전라북도 군산시 옥구읍 옥구남로 173-9,전라북도 군산시 옥구읍 수산리545-5번지 ,
사찰,금광사,전라북도 군산시 옥산면 대려1길 72-18,전라북도 군산시 옥산면 옥산리372-1번지 ,
사찰,백향사,전라북도 군산시 군산창1길 20-20,전라북도 군산시 금동9-17번지 ,
사찰,혜원사,전라북도 군산시 차독산길 21,전라북도 군산시 신흥동39-10번지 ,
사찰,흥천사,전라북도 군산시 동산길 29,전라북도 군산시 금동2-17번지 ,063-445-3769
사찰,동국사,전라북도 군산시 동국사길 16,전라북도 군산시 금광동135-1번지 ,
사찰,보덕심인당,전라북도 군산시 미원로 9,전라북도 군산시 오룡동942-5번지 ,063-461-5164
사찰,원정사,전라북도 군산시 흥남2길 51-5,전라북도 군산시 동흥남동93-3번지 ,063-445-1756
성당,대야성당,전라북도 군산시 대야면 만경로 1940,전라북도 군산시 대야면 산월리377-1번지 ,063-451-9451
성당,옥봉성당,전라북도 군산시 옥서면 옥봉초교길 13,전라북도 군산시 옥서면 옥봉리74-12번지 ,063-471-2004
성당,미룡동성당,전라북도 군산시 미제1길 9,전라북도 군산시 미룡동416-5번지 ,063-464-5171
성당,나운동성당,전라북도 군산시 한밭3길 20,전라북도 군산시 나운동1188-21번지 ,063-463-8788
성당,지곡성당,전라북도 군산시 의료원로 99-4,전라북도 군산시 지곡동289-26번지 ,063-467-7500
성당,수송동성당,전라북도 군산시 남수송5길 43,전라북도 군산시 수송동785-1번지 ,063-461-0091
성당,월명동성당,전라북도 군산시 구영6길 5,전라북도 군산시 월명동16-11번지 ,063-443-2581
성당,둔율동성당,전라북도 군산시 둔배미길 24,전라북도 군산시 둔율동156-2번지 ,063-443-2461
성당,조촌동성당,전라북도 군산시 조촌4길 84,전라북도 군산시 조촌동836-11번지 ,063-451-1401
성당,축동성당,전라북도 군산시 축동안2길 51,전라북도 군산시 수송동921번지 ,063-467-5630
성당,팔마성당,전라북도 군산시 서래내길 9,전라북도 군산시 경장동463-9번지 ,063-442-4044
성당,소룡동성당,전라북도 군산시 칠성로 181,전라북도 군산시 소룡동1564-8번지 ,063-466-3433
성당,오룡동성당,전라북도 군산시 오룡안1길 19,전라북도 군산시 오룡동856-1번지 ,063-463-7212
